Reference area;Source type;Sex;Time;Total;Migrants;Non migrants;EU Migrants;Migrants excluding EU;Unknown
Argentina;Other administrative records and related sources;Total;2010;10,9;;;;;
Argentina;Other administrative records and related sources;Total;2011;7,7;;;;;
Argentina;Other administrative records and related sources;Male;2011;11,4;;;;;
Argentina;Other administrative records and related sources;Female;2011;0,6;;;;;
Argentina;Other administrative records and related sources;Total;2012;6,8;;;;;
Argentina;Other administrative records and related sources;Male;2012;10,6;;;;;
Argentina;Other administrative records and related sources;Female;2012;0,5;;;;;
Argentina;Other administrative records and related sources;Total;2014;4,7;;;;;
Argentina;Other administrative records and related sources;Male;2014;7,7;;;;;
Argentina;Other administrative records and related sources;Female;2014;0,4;;;;;
Argentina;Other administrative records and related sources;Total;2015;4,9;;;;;
Argentina;Other administrative records and related sources;Male;2015;7,6;;;;;
Argentina;Other administrative records and related sources;Female;2015;0,2;;;;;
Argentina;Other administrative records and related sources;Total;2016;4,2;;;;;
Argentina;Other administrative records and related sources;Male;2016;6,6;;;;;
Argentina;Other administrative records and related sources;Female;2016;0,3;;;;;
Argentina;Other administrative records and related sources;Total;2017;4,4;4,5;4,1;;;
Argentina;Other administrative records and related sources;Male;2017;6,5;6,5;6,5;;;
Argentina;Other administrative records and related sources;Female;2017;0,3;0,0;0,3;;;
Argentina;Other administrative records and related sources;Total;2018;3,7;3,9;3,5;;;
Argentina;Other administrative records and related sources;Male;2018;5,5;5,7;5,5;;;
Argentina;Other administrative records and related sources;Female;2018;0,3;0,0;0,3;;;
Armenia;Other official source;Total;2013;1,9;;;;;
Armenia;Other official source;Male;2013;3,1;;;;;
Armenia;Other official source;Female;2013;0,0;;;;;
Armenia;Other official source;Total;2018;13,6;;;;;
Armenia;Other official source;Male;2018;20,9;;;;;
Armenia;Other official source;Total;2019;4,4;;;;;
Armenia;Other official source;Male;2019;6,7;;;;;
Australia;Other administrative records and related sources;Total;2010;2,0;;;;;
Australia;Other administrative records and related sources;Male;2010;3,4;;;;;
Australia;Other administrative records and related sources;Female;2010;0,2;;;;;
Australia;Other administrative records and related sources;Total;2011;2,0;;;;;
Australia;Other administrative records and related sources;Male;2011;3,4;;;;;
Australia;Other administrative records and related sources;Female;2011;0,3;;;;;
Australia;Other administrative records and related sources;Total;2012;2,0;;;;;
Australia;Other administrative records and related sources;Male;2012;3,5;;;;;
Australia;Other administrative records and related sources;Female;2012;0,2;;;;;
Australia;Other administrative records and related sources;Total;2013;1,7;;;;;
Australia;Other administrative records and related sources;Male;2013;2,9;;;;;
Australia;Other administrative records and related sources;Female;2013;0,3;;;;;
Australia;Other administrative records and related sources;Total;2014;1,6;;;;;
Australia;Other administrative records and related sources;Male;2014;2,8;;;;;
Australia;Other administrative records and related sources;Female;2014;0,2;;;;;
Australia;Other administrative records and related sources;Total;2015;1,7;;;;;
Australia;Other administrative records and related sources;Male;2015;2,9;;;;;
Australia;Other administrative records and related sources;Female;2015;0,2;;;;;
Australia;Other administrative records and related sources;Total;2017;1,6;;;;;
Australia;Other administrative records and related sources;Male;2017;2,8;;;;;
Australia;Other administrative records and related sources;Female;2017;0,3;;;;;
Austria;Insurance records;Total;2010;4,5;;4,4;4,1;6,2;
Austria;Insurance records;Male;2010;7,9;;7,9;6,3;10,6;
Austria;Insurance records;Female;2010;0,5;;0,4;1,9;0,0;
Austria;Insurance records;Total;2011;3,0;;3,0;2,3;3,9;
Austria;Insurance records;Male;2011;5,2;;5,3;4,4;4,7;
Austria;Insurance records;Female;2011;0,4;;0,3;0,0;2,5;
Austria;Insurance records;Total;2012;3,4;;3,4;3,5;4,5;
Austria;Insurance records;Male;2012;5,9;;5,7;7,0;7,5;
Austria;Insurance records;Female;2012;0,6;;0,7;0,0;0,0;
Austria;Insurance records;Total;2013;3,5;;3,3;5,9;3,6;
Austria;Insurance records;Male;2013;6,1;;5,8;10,4;6,1;
Austria;Insurance records;Female;2013;0,5;;0,4;1,5;0,0;
Austria;Insurance records;Total;2014;3,1;;3,0;4,7;2,3;
Austria;Insurance records;Male;2014;5,2;;5,1;8,1;4,0;
Austria;Insurance records;Female;2014;0,7;;0,7;1,3;0,0;
Austria;Insurance records;Total;2015;3,2;;3,3;4,0;0,9;
Austria;Insurance records;Male;2015;5,7;;5,8;7,6;1,5;
Austria;Insurance records;Female;2015;0,5;;0,6;0,0;0,0;
Austria;Insurance records;Total;2016;2,0;;;;;
Austria;Insurance records;Male;2016;3,5;;;;;
Austria;Insurance records;Female;2016;0,1;;;;;
Azerbaijan;Labour inspectorate records;Total;2016;4,0;;;;;
Azerbaijan;Labour inspectorate records;Male;2016;6,0;;;;;
Azerbaijan;Labour inspectorate records;Female;2016;1,0;;;;;
Azerbaijan;Labour inspectorate records;Total;2017;4,0;;;;;
Azerbaijan;Labour inspectorate records;Male;2017;6,0;;;;;
Azerbaijan;Labour inspectorate records;Female;2017;1,0;;;;;
Azerbaijan;Labour inspectorate records;Total;2018;3,0;;;;;
Azerbaijan;Labour inspectorate records;Male;2018;5,0;;;;;
Azerbaijan;Labour inspectorate records;Female;2018;1,0;;;;;
Azerbaijan;Labour inspectorate records;Total;2019;4,0;;;;;
Azerbaijan;Labour inspectorate records;Male;2019;5,0;;;;;
Azerbaijan;Labour inspectorate records;Female;2019;2,0;;;;;
Belarus;Establishment survey;Total;2010;5,1;;;;;
Belarus;Establishment survey;Male;2010;10,1;;;;;
Belarus;Establishment survey;Female;2010;0,5;;;;;
Belarus;Establishment survey;Total;2011;4,4;;;;;
Belarus;Establishment survey;Male;2011;8,5;;;;;
Belarus;Establishment survey;Female;2011;0,6;;;;;
Belarus;Establishment survey;Total;2012;3,9;;;;;
Belarus;Establishment survey;Male;2012;8,1;;;;;
Belarus;Establishment survey;Female;2012;0,2;;;;;
Belarus;Establishment survey;Total;2013;3,8;;;;;
Belarus;Establishment survey;Male;2013;7,3;;;;;
Belarus;Establishment survey;Female;2013;0,7;;;;;
Belarus;Establishment survey;Total;2014;3,0;;;;;
Belarus;Establishment survey;Male;2014;5,7;;;;;
Belarus;Establishment survey;Female;2014;0,5;;;;;
Belarus;Establishment survey;Total;2015;2,0;;;;;
Belarus;Establishment survey;Male;2015;4,2;;;;;
Belarus;Establishment survey;Female;2015;0,1;;;;;
Belarus;Establishment survey;Total;2016;2,3;;;;;
Belarus;Establishment survey;Male;2016;4,3;;;;;
Belarus;Establishment survey;Female;2016;0,4;;;;;
Belarus;Establishment survey;Total;2017;2,2;;;;;
Belarus;Establishment survey;Total;2018;2,8;;;;;
Belarus;Establishment survey;Male;2018;5,5;;;;;
Belarus;Establishment survey;Female;2018;0,4;;;;;
Belarus;Establishment survey;Total;2019;2,9;;;;;
Belarus;Establishment survey;Male;2019;5,5;;;;;
Belarus;Establishment survey;Female;2019;0,5;;;;;
Belgium;Insurance records;Total;2010;2,2;;2,2;1,9;3,3;
Belgium;Insurance records;Male;2010;3,6;;3,6;3,1;5,0;
Belgium;Insurance records;Female;2010;0,4;;0,4;0,0;0,0;
Belgium;Insurance records;Total;2011;2,8;;2,4;6,1;8,3;
Belgium;Insurance records;Male;2011;5,0;;4,2;10,8;12,6;
Belgium;Insurance records;Female;2011;0,2;;0,2;0,0;0,0;
Belgium;Insurance records;Total;2012;1,8;;1,6;3,3;6,6;
Belgium;Insurance records;Male;2012;3,3;;2,9;6,0;10,7;
Belgium;Insurance records;Female;2012;0,0;;0,0;0,0;0,0;
Belgium;Insurance records;Total;2013;2,5;;2,3;3,2;3,4;
Belgium;Insurance records;Male;2013;4,3;;4,1;5,6;5,3;
Belgium;Insurance records;Female;2013;0,2;;0,2;0,0;0,0;
Belgium;Insurance records;Total;2014;1,6;;1,3;3,2;5,0;
Belgium;Insurance records;Male;2014;2,9;;2,4;6,0;8,3;
Belgium;Insurance records;Female;2014;0,1;;0,1;0,0;0,0;
Belgium;Insurance records;Total;2015;1,6;;1,6;0,6;4,1;
Belgium;Insurance records;Male;2015;3,0;;3,0;1,1;6,9;
Belgium;Insurance records;Female;2015;0,1;;0,1;0,0;0,0;
Belize;Establishment or business register;Total;2011;4,5;;;;;
Belize;Establishment or business register;Male;2011;7,3;;;;;
Belize;Establishment or business register;Female;2011;0,0;;;;;
Belize;Establishment or business register;Total;2012;6,7;;;;;
Belize;Establishment or business register;Male;2012;10,7;;;;;
Belize;Establishment or business register;Female;2012;0,0;;;;;
Brazil;Insurance records;Total;2011;7,4;;;;;
Brazil;Insurance records;Male;2011;11,9;;;;;
Brazil;Insurance records;Female;2011;1,2;;;;;
Bulgaria;Insurance records;Total;2010;3,6;;3,5;;66,8;
Bulgaria;Insurance records;Male;2010;6,5;;6,4;;;
Bulgaria;Insurance records;Female;2010;0,7;;0,7;;;
Bulgaria;Insurance records;Total;2011;3,6;;3,6;;;
Bulgaria;Insurance records;Male;2011;7,0;;7,0;;;
Bulgaria;Insurance records;Female;2011;0,3;;0,3;;;
Bulgaria;Insurance records;Total;2012;3,8;;3,8;;;
Bulgaria;Insurance records;Male;2012;7,0;;7,0;;;
Bulgaria;Insurance records;Female;2012;0,6;;0,6;;;
Bulgaria;Insurance records;Total;2013;3,4;;3,3;;0,0;
Bulgaria;Insurance records;Male;2013;6,2;;6,0;;;
Bulgaria;Insurance records;Female;2013;0,6;;0,6;;;
Bulgaria;Insurance records;Total;2014;4,5;;4,5;;0,0;
Bulgaria;Insurance records;Male;2014;8,5;;8,5;;;
Bulgaria;Insurance records;Female;2014;0,5;;0,5;;;
Bulgaria;Insurance records;Total;2015;3,6;;3,6;;;
Bulgaria;Insurance records;Male;2015;6,6;;6,6;;;
Bulgaria;Insurance records;Female;2015;0,5;;0,5;;;
Canada;Records of employers' organizations;Total;2010;2,2;;;;;
Canada;Records of employers' organizations;Male;2010;4,0;;;;;
Canada;Records of employers' organizations;Female;2010;0,3;;;;;
Canada;Records of employers' organizations;Total;2011;2,1;;;;;
Canada;Records of employers' organizations;Male;2011;3,7;;;;;
Canada;Records of employers' organizations;Female;2011;0,3;;;;;
Canada;Records of employers' organizations;Total;2013;2,0;;;;;
Canada;Records of employers' organizations;Male;2013;3,5;;;;;
Canada;Records of employers' organizations;Female;2013;0,4;;;;;
Canada;Records of employers' organizations;Total;2014;2,0;;;;;
Canada;Records of employers' organizations;Male;2014;3,5;;;;;
Canada;Records of employers' organizations;Female;2014;0,3;;;;;
Chile;Other administrative records and related sources;Total;2011;5,5;;;;;
Chile;Other administrative records and related sources;Total;2012;6,0;;;;;
Chile;Other administrative records and related sources;Total;2013;5,1;;;;;
Chile;Other administrative records and related sources;Total;2017;3,4;;;;;
Chile;Other administrative records and related sources;Male;2017;5,3;;;;;
Chile;Other administrative records and related sources;Female;2017;0,4;;;;;
Chile;Other administrative records and related sources;Total;2018;3,1;;;;;
Chile;Other administrative records and related sources;Male;2018;4,6;;;;;
Chile;Other administrative records and related sources;Female;2018;0,5;;;;;
Colombia;Other administrative records and related sources;Total;2011;4,0;;;;;
Colombia;Other administrative records and related sources;Total;2012;3,5;;;;;
Colombia;Other administrative records and related sources;Total;2013;5,0;;;;;
Colombia;Other administrative records and related sources;Total;2014;4,0;;;;;
Colombia;Other administrative records and related sources;Total;2015;18,0;;;;;
Costa Rica;Insurance records;Total;2010;9,3;;;;;
Costa Rica;Insurance records;Total;2011;10,2;;;;;
Costa Rica;Insurance records;Total;2012;9,6;;;;;
Costa Rica;Insurance records;Total;2013;8,3;;;;;
Costa Rica;Insurance records;Total;2014;5,8;;;;;
Costa Rica;Insurance records;Total;2015;6,2;;;;;
Costa Rica;Insurance records;Total;2016;9,7;;;;;
Croatia;Insurance records;Total;2010;2,7;;;;;
Croatia;Insurance records;Male;2010;4,9;;;;;
Croatia;Insurance records;Female;2010;0,0;;;;;
Croatia;Insurance records;Total;2012;3,9;;3,9;0,0;0,0;
Croatia;Insurance records;Male;2012;7,2;;7,2;0,0;;
Croatia;Insurance records;Female;2012;0,0;;0,0;;;
Croatia;Insurance records;Total;2013;2,1;;2,1;0,0;0,0;
Croatia;Insurance records;Male;2013;3,7;;3,7;0,0;0,0;
Croatia;Insurance records;Female;2013;0,3;;0,3;;;
Croatia;Insurance records;Total;2014;2,0;;2,0;;0,0;
Croatia;Insurance records;Male;2014;3,5;;3,5;;0,0;
Croatia;Insurance records;Female;2014;0,3;;0,3;;;
Croatia;Insurance records;Total;2015;2,2;;2,3;0,0;0,0;
Croatia;Insurance records;Male;2015;4,0;;4,0;;;
Croatia;Insurance records;Female;2015;0,3;;0,3;;0,0;
Croatia;Insurance records;Total;2016;2,7;0,0;2,7;;;
Croatia;Insurance records;Male;2016;4,7;0,0;4,7;;;
Croatia;Insurance records;Female;2016;0,4;0,0;0,4;;;
Cuba;Other administrative records and related sources;Total;2010;25,0;;;;;
Cyprus;Labour inspectorate records;Total;2010;4,9;;3,0;4,3;23,8;
Cyprus;Labour inspectorate records;Male;2010;9,0;;5,1;7,7;91,1;
Cyprus;Labour inspectorate records;Female;2010;0,0;;0,0;0,0;0,0;
Cyprus;Labour inspectorate records;Total;2011;1,8;;0,8;4,6;6,6;
Cyprus;Labour inspectorate records;Male;2011;3,7;;1,5;9,1;27,8;
Cyprus;Labour inspectorate records;Female;2011;0,0;;0,0;0,0;0,0;
Cyprus;Labour inspectorate records;Total;2012;3,1;;1,6;4,4;13,7;
Cyprus;Labour inspectorate records;Male;2012;5,0;;3,1;8,7;30,3;
Cyprus;Labour inspectorate records;Female;2012;1,2;;0,0;0,0;8,5;
Cyprus;Labour inspectorate records;Total;2013;3,0;;2,4;0,0;11,9;
Cyprus;Labour inspectorate records;Male;2013;4,7;;4,4;0,0;25,6;
Cyprus;Labour inspectorate records;Female;2013;1,1;;0,0;0,0;7,8;
Cyprus;Labour inspectorate records;Total;2014;2,1;;0,9;6,7;7,8;
Cyprus;Labour inspectorate records;Male;2014;4,4;;1,7;14,1;33,3;
Cyprus;Labour inspectorate records;Female;2014;0,0;;0,0;0,0;0,0;
Cyprus;Labour inspectorate records;Total;2015;1,9;;0,8;11,7;0,0;
Cyprus;Labour inspectorate records;Male;2015;2,6;;1,6;11,4;0,0;
Cyprus;Labour inspectorate records;Female;2015;1,3;;0,0;12,0;0,0;
Czechia;Labour inspectorate records;Total;2010;2,5;;2,2;21,6;17,1;
Czechia;Labour inspectorate records;Male;2010;3,9;;3,5;33,6;29,4;
Czechia;Labour inspectorate records;Female;2010;0,5;;0,5;0,0;0,0;
Czechia;Labour inspectorate records;Total;2011;3,2;;3,0;14,4;20,3;
Czechia;Labour inspectorate records;Male;2011;5,3;;4,9;21,9;35,4;
Czechia;Labour inspectorate records;Female;2011;0,4;;0,5;0,0;0,0;
Czechia;Labour inspectorate records;Total;2012;2,4;;2,2;17,9;5,1;
Czechia;Labour inspectorate records;Male;2012;4,1;;3,9;25,7;9,1;
Czechia;Labour inspectorate records;Female;2012;0,1;;0,1;0,0;0,0;
Czechia;Labour inspectorate records;Total;2013;2,3;;2,2;13,8;8,5;
Czechia;Labour inspectorate records;Male;2013;3,8;;3,6;22,6;6,8;
Czechia;Labour inspectorate records;Female;2013;0,4;;0,3;0,0;11,2;
Czechia;Labour inspectorate records;Total;2014;2,4;;2,2;19,5;3,9;
Czechia;Labour inspectorate records;Male;2014;4,2;;3,8;33,6;6,3;
Czechia;Labour inspectorate records;Female;2014;0,1;;0,1;0,0;0,0;
Czechia;Labour inspectorate records;Total;2015;2,6;;2,1;15,1;7,4;
Czechia;Labour inspectorate records;Male;2015;4,5;;3,7;25,7;6,1;
Czechia;Labour inspectorate records;Female;2015;0,1;;0,0;0,0;9,3;
Denmark;Other administrative records and related sources;Total;2010;1,5;;1,5;5,0;0,0;
Denmark;Other administrative records and related sources;Male;2010;2,8;;2,8;9,8;0,0;
Denmark;Other administrative records and related sources;Female;2010;0,2;;0,2;0,0;0,0;
Denmark;Other administrative records and related sources;Total;2011;1,6;;1,6;9,1;0,0;
Denmark;Other administrative records and related sources;Male;2011;3,0;;2,9;17,6;0,0;
Denmark;Other administrative records and related sources;Female;2011;0,2;;0,2;0,0;0,0;
Denmark;Other administrative records and related sources;Total;2012;1,7;;1,5;11,2;2,8;
Denmark;Other administrative records and related sources;Male;2012;3,1;;2,7;21,3;5,7;
Denmark;Other administrative records and related sources;Female;2012;0,2;;0,2;0,0;0,0;
Denmark;Other administrative records and related sources;Total;2013;1,5;;1,3;6,4;2,4;
Denmark;Other administrative records and related sources;Male;2013;2,6;;2,4;6,2;5,2;
Denmark;Other administrative records and related sources;Female;2013;0,3;;0,2;6,5;0,0;
Denmark;Other administrative records and related sources;Total;2014;1,4;;1,3;2,7;0,0;
Denmark;Other administrative records and related sources;Male;2014;2,5;;2,4;4,7;0,0;
Denmark;Other administrative records and related sources;Female;2014;0,2;;0,2;0,0;0,0;
Denmark;Other administrative records and related sources;Total;2015;1,0;;0,9;2,5;2,0;
Denmark;Other administrative records and related sources;Male;2015;1,7;;1,5;4,3;4,1;
Denmark;Other administrative records and related sources;Female;2015;0,2;;0,2;0,0;0,0;
Egypt;Establishment survey;Total;2011;13,0;;;;;
Egypt;Establishment survey;Male;2011;13,8;;;;;
Egypt;Establishment survey;Female;2011;6,1;;;;;
Egypt;Establishment survey;Total;2012;11,6;;;;;
Egypt;Establishment survey;Male;2012;12,4;;;;;
Egypt;Establishment survey;Female;2012;4,3;;;;;
Egypt;Establishment survey;Total;2014;11,2;;;;;
Egypt;Establishment survey;Male;2014;13,8;;;;;
Egypt;Establishment survey;Female;2014;2,5;;;;;
El Salvador;Economic or establishment census;Total;2010;0,1;;;;;
El Salvador;Economic or establishment census;Male;2010;0,2;;;;;
El Salvador;Economic or establishment census;Female;2010;0,0;;;;;
Estonia;Labour inspectorate records;Total;2010;3,4;;2,9;0,0;6,5;
Estonia;Labour inspectorate records;Male;2010;6,6;;5,4;0,0;12,5;
Estonia;Labour inspectorate records;Female;2010;0,7;;0,8;;0,0;
Estonia;Labour inspectorate records;Total;2011;3,1;;2,9;0,0;2,3;
Estonia;Labour inspectorate records;Male;2011;6,3;;6,0;0,0;4,0;
Estonia;Labour inspectorate records;Female;2011;0,0;;0,0;;0,0;
Estonia;Labour inspectorate records;Total;2012;2,4;;2,1;98,5;2,2;
Estonia;Labour inspectorate records;Male;2012;4,2;;3,5;153,7;3,8;
Estonia;Labour inspectorate records;Female;2012;0,6;;0,7;;0,0;
Estonia;Labour inspectorate records;Total;2013;3,9;;3,4;87,0;2,3;
Estonia;Labour inspectorate records;Male;2013;7,0;;6,1;;3,9;
Estonia;Labour inspectorate records;Female;2013;0,7;;0,8;0,0;0,0;
Estonia;Labour inspectorate records;Total;2014;2,9;;2,1;52,6;6,0;
Estonia;Labour inspectorate records;Male;2014;5,0;;3,4;87,0;10,0;
Estonia;Labour inspectorate records;Female;2014;0,7;;0,7;0,0;0,0;
Estonia;Labour inspectorate records;Total;2015;3,1;;2,4;78,8;5,2;
Estonia;Labour inspectorate records;Male;2015;5,5;;4,1;126,3;8,9;
Estonia;Labour inspectorate records;Female;2015;0,7;;0,8;;0,0;
Estonia;Labour inspectorate records;Total;2016;4,0;;;;;
Estonia;Labour inspectorate records;Male;2016;7,9;;;;;
Estonia;Labour inspectorate records;Female;2016;0,0;;;;;
Finland;Other administrative records and related sources;Total;2010;1,3;;1,3;0,0;0,0;
Finland;Other administrative records and related sources;Male;2010;2,2;;2,3;0,0;0,0;
Finland;Other administrative records and related sources;Female;2010;0,3;;0,3;0,0;0,0;
Finland;Other administrative records and related sources;Total;2011;1,3;;1,4;0,0;0,0;
Finland;Other administrative records and related sources;Male;2011;2,6;;2,7;0,0;0,0;
Finland;Other administrative records and related sources;Female;2011;0,0;;0,0;0,0;0,0;
Finland;Other administrative records and related sources;Total;2012;1,5;;1,3;13,7;7,1;
Finland;Other administrative records and related sources;Male;2012;2,6;;2,2;24,7;11,7;
Finland;Other administrative records and related sources;Female;2012;0,3;;0,3;0,0;0,0;
Finland;Other administrative records and related sources;Total;2013;0,9;;1,0;0,0;0,0;
Finland;Other administrative records and related sources;Male;2013;1,7;;1,7;0,0;0,0;
Finland;Other administrative records and related sources;Female;2013;0,2;;0,2;0,0;0,0;
Finland;Other administrative records and related sources;Total;2014;1,5;;1,4;5,6;0,0;
Finland;Other administrative records and related sources;Male;2014;2,6;;2,5;10,0;0,0;
Finland;Other administrative records and related sources;Female;2014;0,3;;0,4;0,0;0,0;
Finland;Other administrative records and related sources;Total;2015;1,4;;1,4;0,0;5,6;
Finland;Other administrative records and related sources;Male;2015;2,5;;2,6;0,0;0,0;
Finland;Other administrative records and related sources;Female;2015;0,3;;0,2;0,0;14,3;
France;Insurance records;Total;2010;2,4;;2,2;5,2;4,9;255,4
France;Insurance records;Male;2010;4,3;;3,9;9,0;7,8;
France;Insurance records;Female;2010;0,5;;0,5;0,8;0,7;
France;Insurance records;Total;2011;3,1;;2,8;6,5;5,7;316,1
France;Insurance records;Male;2011;5,3;;4,8;11,2;8,6;
France;Insurance records;Female;2011;0,5;;0,5;0,0;1,0;
France;Insurance records;Total;2012;2,5;;2,4;4,8;3,3;244,3
France;Insurance records;Male;2012;4,7;;4,4;8,2;5,2;322,2
France;Insurance records;Female;2012;0,4;;0,3;0,8;0,7;
France;Insurance records;Total;2013;2,4;;1,7;4,1;3,8;1193,6
France;Insurance records;Male;2013;4,4;;3,0;7,1;6,1;1716,4
France;Insurance records;Female;2013;0,5;;0,3;0,8;0,7;299,3
France;Insurance records;Total;2014;2,7;;1,6;3,7;2,3;1487,8
France;Insurance records;Male;2014;4,4;;2,8;6,0;3,3;2100,3
France;Insurance records;Female;2014;0,6;;0,3;0,9;0,8;480,3
France;Insurance records;Total;2015;2,6;;0,2;0,8;0,8;4090,8
France;Insurance records;Male;2015;4,7;;0,3;0,8;1,5;6737,7
France;Insurance records;Female;2015;0,5;;0,0;0,8;0,0;861,2
French Guiana;Official estimate;Total;2014;0,0;;;;;
Georgia;Other administrative records and related sources;Total;2019;2,2;;;;;
Germany;Insurance records;Total;2010;1,2;;1,2;0,9;0,6;
Germany;Insurance records;Male;2010;2,1;;2,2;1,6;1,0;
Germany;Insurance records;Female;2010;0,2;;0,2;0,0;0,0;
Germany;Insurance records;Total;2011;1,2;;1,2;0,4;0,6;
Germany;Insurance records;Male;2011;2,2;;2,2;0,8;1,0;
Germany;Insurance records;Female;2011;0,1;;0,1;0,0;0,0;
Germany;Insurance records;Total;2012;1,2;;1,2;0,7;0,5;
Germany;Insurance records;Male;2012;2,1;;2,1;1,0;0,8;
Germany;Insurance records;Female;2012;0,2;;0,2;0,3;0,0;
Germany;Insurance records;Total;2013;1,0;;1,0;1,1;0,5;
Germany;Insurance records;Male;2013;1,8;;1,8;2,0;0,9;
Germany;Insurance records;Female;2013;0,1;;0,1;0,0;0,0;
Germany;Insurance records;Total;2014;1,1;;1,1;0,8;0,6;
Germany;Insurance records;Male;2014;2,0;;2,0;1,5;0,8;
Germany;Insurance records;Female;2014;0,2;;0,2;0,0;0,2;
Germany;Insurance records;Total;2015;1,0;;1,0;0,7;0,4;
Germany;Insurance records;Male;2015;1,7;;1,8;1,2;0,7;
Germany;Insurance records;Female;2015;0,1;;0,1;0,0;0,0;
Greece;Insurance records;Total;2010;0,8;;0,5;0,0;4,4;
Greece;Insurance records;Male;2010;1,1;;0,7;0,0;5,8;
Greece;Insurance records;Female;2010;0,2;;0,1;0,0;1,7;
Greece;Insurance records;Total;2011;0,9;;0,9;0,0;0,7;
Greece;Insurance records;Male;2011;1,5;;1,5;0,0;1,1;
Greece;Insurance records;Female;2011;0,0;;0,0;0,0;0,0;
Greece;Insurance records;Total;2012;0,7;;0,6;3,4;2,6;
Greece;Insurance records;Male;2012;1,2;;0,9;7,4;4,1;
Greece;Insurance records;Female;2012;0,0;;0,0;0,0;0,0;
Greece;Insurance records;Total;2013;0,7;;0,6;3,8;1,0;
Greece;Insurance records;Male;2013;1,1;;1,0;8,0;1,6;
Greece;Insurance records;Female;2013;0,0;;0,0;0,0;0,0;
Greece;Insurance records;Total;2014;0,8;;0,6;0,0;3,8;
Greece;Insurance records;Male;2014;1,3;;1,0;0,0;6,1;
Greece;Insurance records;Female;2014;0,1;;0,2;0,0;0,0;
Greece;Insurance records;Total;2015;1,2;;1,0;0,0;4,7;
Greece;Insurance records;Male;2015;2,2;;1,9;0,0;8,4;
Greece;Insurance records;Female;2015;0,0;;0,0;0,0;0,0;
Greece;Insurance records;Total;2016;1,3;;;;;
Greece;Insurance records;Male;2016;1,8;;;;;
Greece;Insurance records;Female;2016;0,5;;;;;
Guadeloupe;Other administrative records and related sources;Total;2014;6,8;;;;;
Hong Kong, China;Labour inspectorate records;Total;2010;7,0;;;;;
Hong Kong, China;Labour inspectorate records;Total;2011;7,0;;;;;
Hong Kong, China;Labour inspectorate records;Total;2012;7,0;;;;;
Hong Kong, China;Labour inspectorate records;Total;2013;7,0;;;;;
Hong Kong, China;Labour inspectorate records;Total;2014;7,0;;;;;
Hong Kong, China;Labour inspectorate records;Total;2015;6,0;;;;;
Hungary;Labour inspectorate records;Total;2010;2,7;;2,7;9,2;26,3;
Hungary;Labour inspectorate records;Male;2010;4,8;;4,6;19,8;41,6;
Hungary;Labour inspectorate records;Female;2010;0,4;;0,4;0,0;0,0;
Hungary;Labour inspectorate records;Total;2011;2,4;;2,4;10,3;0,0;
Hungary;Labour inspectorate records;Male;2011;4,7;;4,6;21,1;0,0;
Hungary;Labour inspectorate records;Female;2011;0,2;;0,2;0,0;0,0;
Hungary;Labour inspectorate records;Total;2012;1,7;;1,6;22,2;0,0;
Hungary;Labour inspectorate records;Male;2012;3,0;;3,0;19,7;0,0;
Hungary;Labour inspectorate records;Female;2012;0,2;;0,1;25,4;0,0;
Hungary;Labour inspectorate records;Total;2013;1,4;;1,4;0,0;0,0;
Hungary;Labour inspectorate records;Male;2013;2,5;;2,6;0,0;0,0;
Hungary;Labour inspectorate records;Female;2013;0,1;;0,1;0,0;;
Hungary;Labour inspectorate records;Total;2014;2,3;;2,2;12,1;0,0;
Hungary;Labour inspectorate records;Male;2014;4,1;;4,0;19,8;0,0;
Hungary;Labour inspectorate records;Female;2014;0,2;;0,2;0,0;0,0;
Hungary;Labour inspectorate records;Total;2015;2,3;;2,3;0,0;0,0;
Hungary;Labour inspectorate records;Male;2015;3,9;;4,0;0,0;0,0;
Hungary;Labour inspectorate records;Female;2015;0,5;;0,5;0,0;0,0;
Hungary;Labour inspectorate records;Total;2016;1,8;;;;;
Hungary;Labour inspectorate records;Male;2016;3,2;;;;;
Hungary;Labour inspectorate records;Female;2016;0,2;;;;;
Ireland;Labour inspectorate records;Total;2010;2,2;;2,2;1,0;2,9;
Ireland;Labour inspectorate records;Male;2010;3,8;;3,8;1,8;5,2;
Ireland;Labour inspectorate records;Female;2010;0,2;;0,3;0,0;0,0;
Ireland;Labour inspectorate records;Total;2011;2,8;;2,7;3,5;2,8;
Ireland;Labour inspectorate records;Male;2011;5,0;;4,8;6,5;4,9;
Ireland;Labour inspectorate records;Female;2011;0,2;;0,3;0,0;0,0;
Ireland;Labour inspectorate records;Total;2012;2,2;;2,4;1,0;3,1;
Ireland;Labour inspectorate records;Male;2012;4,2;;4,4;1,8;5,5;
Ireland;Labour inspectorate records;Female;2012;0,0;;0,0;0,0;0,0;
Ireland;Labour inspectorate records;Total;2013;2,1;;2,0;2,4;3,4;
Ireland;Labour inspectorate records;Male;2013;3,8;;3,7;4,3;5,9;
Ireland;Labour inspectorate records;Female;2013;0,0;;0,0;0,0;0,0;
Ireland;Labour inspectorate records;Total;2014;2,5;;2,6;0,9;0,0;
Ireland;Labour inspectorate records;Male;2014;4,3;;4,6;1,7;0,0;
Ireland;Labour inspectorate records;Female;2014;0,2;;0,3;0,0;0,0;
Ireland;Labour inspectorate records;Total;2015;2,5;;2,8;0,9;3,7;
Ireland;Labour inspectorate records;Male;2015;4,3;;4,9;1,6;6,4;
Ireland;Labour inspectorate records;Female;2015;0,2;;0,3;0,0;0,0;
Israel;Labour inspectorate records;Total;2010;2,0;;;;;
Israel;Labour inspectorate records;Male;2010;4,0;;;;;
Israel;Labour inspectorate records;Female;2010;0,0;;;;;
Israel;Labour inspectorate records;Total;2011;2,4;;;;;
Israel;Labour inspectorate records;Male;2011;4,8;;;;;
Israel;Labour inspectorate records;Female;2011;0,0;;;;;
Israel;Labour inspectorate records;Total;2012;2,1;;;;;
Israel;Labour inspectorate records;Male;2012;4,0;;;;;
Israel;Labour inspectorate records;Female;2012;0,0;;;;;
Israel;Labour inspectorate records;Total;2014;2,0;;;;;
Israel;Labour inspectorate records;Male;2014;3,9;;;;;
Israel;Labour inspectorate records;Female;2014;0,0;;;;;
Israel;Labour inspectorate records;Total;2015;1,7;;;;;
Israel;Labour inspectorate records;Male;2015;3,3;;;;;
Israel;Labour inspectorate records;Female;2015;0,1;;;;;
Israel;Labour inspectorate records;Total;2016;1,4;;;;;
Israel;Labour inspectorate records;Total;2017;1,2;;;;;
Israel;Labour inspectorate records;Total;2018;1,7;;;;;
Israel;Labour inspectorate records;Total;2019;2,0;;;;;
Italy;Insurance records;Total;2010;3,0;;0,0;0,0;0,0;
Italy;Insurance records;Male;2010;4,9;;0,0;0,0;0,0;
Italy;Insurance records;Female;2010;0,3;;0,0;0,0;0,0;
Italy;Insurance records;Total;2011;2,7;;0,0;0,0;0,0;
Italy;Insurance records;Male;2011;4,3;;0,0;0,0;0,0;
Italy;Insurance records;Female;2011;0,4;;0,0;0,0;0,0;
Italy;Insurance records;Total;2012;2,6;;0,0;0,0;0,0;
Italy;Insurance records;Male;2012;4,3;;0,0;0,0;0,0;
Italy;Insurance records;Female;2012;0,3;;0,0;0,0;0,0;
Italy;Insurance records;Total;2013;2,3;;0,0;0,0;0,0;
Italy;Insurance records;Male;2013;3,7;;0,0;0,0;0,0;
Italy;Insurance records;Female;2013;0,4;;0,0;0,0;0,0;
Italy;Insurance records;Total;2014;2,3;;0,0;0,0;0,0;
Italy;Insurance records;Male;2014;3,8;;0,0;0,0;0,0;
Italy;Insurance records;Female;2014;0,3;;0,0;0,0;0,0;
Italy;Insurance records;Total;2015;2,4;;0,0;0,0;0,0;
Italy;Insurance records;Male;2015;3,9;;0,0;0,0;0,0;
Italy;Insurance records;Female;2015;0,3;;0,0;0,0;0,0;
Kazakhstan;Establishment or business register;Total;2010;7,6;;;;;
Kazakhstan;Establishment or business register;Male;2010;12,9;;;;;
Kazakhstan;Establishment or business register;Female;2010;1,4;;;;;
Kazakhstan;Establishment or business register;Total;2013;5,9;;;;;
Kazakhstan;Establishment or business register;Male;2013;10,3;;;;;
Kazakhstan;Establishment or business register;Female;2013;0,8;;;;;
Kazakhstan;Establishment or business register;Total;2015;5,0;;;;;
Kazakhstan;Establishment or business register;Male;2015;8,8;;;;;
Kazakhstan;Establishment or business register;Female;2015;0,4;;;;;
Kazakhstan;Establishment or business register;Total;2017;4,3;;;;;
Kazakhstan;Establishment or business register;Male;2017;3,4;;;;;
Kazakhstan;Establishment or business register;Female;2017;0,9;;;;;
Korea, Republic of;Insurance records;Total;2010;7,9;;;;;
Korea, Republic of;Insurance records;Total;2011;7,9;;;;;
Korea, Republic of;Insurance records;Total;2012;7,3;;;;;
Korea, Republic of;Insurance records;Total;2013;7,1;;;;;
Korea, Republic of;Insurance records;Total;2014;5,8;;;;;
Korea, Republic of;Insurance records;Total;2015;5,3;;;;;
Korea, Republic of;Insurance records;Total;2016;5,3;;;;;
Korea, Republic of;Insurance records;Total;2017;5,2;;;;;
Korea, Republic of;Insurance records;Total;2018;5,1;;;;;
Korea, Republic of;Insurance records;Total;2019;4,6;;;;;
Kyrgyzstan;Labour inspectorate records;Total;2013;6,0;;;;;
Kyrgyzstan;Labour inspectorate records;Male;2013;11,0;;;;;
Kyrgyzstan;Labour inspectorate records;Female;2013;1,0;;;;;
Kyrgyzstan;Labour inspectorate records;Total;2015;4,1;;;;;
Kyrgyzstan;Labour inspectorate records;Male;2015;8,0;;;;;
Kyrgyzstan;Labour inspectorate records;Female;2015;0,7;;;;;
Latvia;Labour inspectorate records;Total;2010;3,5;;4,1;;0,0;
Latvia;Labour inspectorate records;Male;2010;6,5;;7,7;;0,0;
Latvia;Labour inspectorate records;Female;2010;0,8;;1,0;;0,0;
Latvia;Labour inspectorate records;Total;2011;4,1;;3,9;;1,7;
Latvia;Labour inspectorate records;Male;2011;7,6;;7,9;;3,2;
Latvia;Labour inspectorate records;Female;2011;0,9;;0,5;;0,0;
Latvia;Labour inspectorate records;Total;2012;4,4;;3,4;103,0;3,3;
Latvia;Labour inspectorate records;Male;2012;8,2;;6,9;;3,1;
Latvia;Labour inspectorate records;Female;2012;0,9;;0,5;;3,7;
Latvia;Labour inspectorate records;Total;2013;3,5;;3,5;109,1;0,0;
Latvia;Labour inspectorate records;Male;2013;6,9;;6,9;;0,0;
Latvia;Labour inspectorate records;Female;2013;0,4;;0,5;;0,0;
Latvia;Labour inspectorate records;Total;2014;4,5;;4,3;0,0;1,8;
Latvia;Labour inspectorate records;Male;2014;8,9;;8,5;;3,4;
Latvia;Labour inspectorate records;Female;2014;0,4;;0,5;;0,0;
Latvia;Labour inspectorate records;Total;2015;3,7;;2,9;99,6;0,0;
Latvia;Labour inspectorate records;Male;2015;6,7;;5,6;182,8;0,0;
Latvia;Labour inspectorate records;Female;2015;1,0;;0,6;;0,0;
Lithuania;Labour inspectorate records;Total;2010;4,0;;3,9;;31,4;
Lithuania;Labour inspectorate records;Male;2010;7,4;;7,1;;;
Lithuania;Labour inspectorate records;Female;2010;0,9;;0,9;;;
Lithuania;Labour inspectorate records;Total;2011;4,1;;3,9;;37,7;
Lithuania;Labour inspectorate records;Male;2011;7,6;;7,3;;;
Lithuania;Labour inspectorate records;Female;2011;0,8;;0,8;;;
Lithuania;Labour inspectorate records;Total;2012;5,0;;4,8;;40,6;
Lithuania;Labour inspectorate records;Male;2012;10,0;;9,7;;;
Lithuania;Labour inspectorate records;Female;2012;0,3;;0,3;;;
Lithuania;Labour inspectorate records;Total;2013;4,6;;4,5;0,0;37,0;
Lithuania;Labour inspectorate records;Male;2013;9,1;;8,9;;64,5;
Lithuania;Labour inspectorate records;Female;2013;0,3;;0,3;;0,0;
Lithuania;Labour inspectorate records;Total;2014;4,7;;4,6;;0,0;
Lithuania;Labour inspectorate records;Male;2014;9,5;;9,2;;0,0;
Lithuania;Labour inspectorate records;Female;2014;0,3;;0,3;;0,0;
Lithuania;Labour inspectorate records;Total;2015;3,8;;3,8;;0,0;
Lithuania;Labour inspectorate records;Male;2015;7,5;;7,6;;0,0;
Lithuania;Labour inspectorate records;Female;2015;0,3;;0,3;;0,0;
Luxembourg;Insurance records;Total;2010;1,5;;1,0;2,3;0,0;
Luxembourg;Insurance records;Male;2010;2,6;;1,6;3,9;0,0;
Luxembourg;Insurance records;Female;2010;0,0;;0,0;0,0;0,0;
Luxembourg;Insurance records;Total;2011;3,0;;1,0;5,6;0,0;
Luxembourg;Insurance records;Male;2011;5,0;;1,7;9,3;0,0;
Luxembourg;Insurance records;Female;2011;0,0;;0,0;0,0;0,0;
Luxembourg;Insurance records;Total;2012;3,6;;1,9;4,8;11,6;
Luxembourg;Insurance records;Male;2012;6,2;;3,3;8,0;20,9;
Luxembourg;Insurance records;Female;2012;0,0;;0,0;0,0;0,0;
Luxembourg;Insurance records;Total;2013;2,1;;1,1;3,5;0,0;
Luxembourg;Insurance records;Male;2013;2,7;;1,8;3,9;0,0;
Luxembourg;Insurance records;Female;2013;1,3;;0,0;3,0;0,0;
Luxembourg;Insurance records;Total;2014;4,8;;1,6;8,6;0,0;
Luxembourg;Insurance records;Male;2014;7,3;;3,0;12,2;0,0;
Luxembourg;Insurance records;Female;2014;1,8;;0,0;3,9;0,0;
Luxembourg;Insurance records;Total;2015;3,3;;0,0;7,1;0,0;
Luxembourg;Insurance records;Male;2015;5,7;;0,0;12,1;0,0;
Luxembourg;Insurance records;Female;2015;0,0;;0,0;0,0;0,0;
Macau, China;Labour inspectorate records;Total;2010;3,5;2,6;3,6;;;
Macau, China;Labour inspectorate records;Male;2010;6,3;5,4;;;;
Macau, China;Labour inspectorate records;Female;2010;0,6;0,0;;;;
Macau, China;Labour inspectorate records;Total;2011;3,4;5,3;2,3;;;
Macau, China;Labour inspectorate records;Male;2011;6,6;10,1;;;;
Macau, China;Labour inspectorate records;Female;2011;0,0;0,0;;;;
Macau, China;Labour inspectorate records;Total;2012;5,2;4,5;4,9;;;
Macau, China;Labour inspectorate records;Male;2012;8,5;6,8;8,1;;;
Macau, China;Labour inspectorate records;Female;2012;1,8;1,9;1,6;;;
Macau, China;Labour inspectorate records;Total;2013;5,0;5,1;4,1;;;
Macau, China;Labour inspectorate records;Male;2013;7,1;3,9;7,3;;;
Macau, China;Labour inspectorate records;Female;2013;2,8;6,6;0,8;;;
Macau, China;Labour inspectorate records;Total;2014;3,1;4,7;1,5;;;
Macau, China;Labour inspectorate records;Male;2014;5,4;6,8;2,9;;;
Macau, China;Labour inspectorate records;Female;2014;0,5;1,5;0,0;;;
Macau, China;Labour inspectorate records;Total;2015;5,0;5,5;3,6;;;
Macau, China;Labour inspectorate records;Male;2015;7,2;5,6;6,5;;;
Macau, China;Labour inspectorate records;Female;2015;2,7;5,4;0,7;;;
Macau, China;Labour inspectorate records;Total;2016;6,9;5,1;6,5;;;
Macau, China;Labour inspectorate records;Male;2016;11,9;7,9;11,4;;;
Macau, China;Labour inspectorate records;Female;2016;1,6;1,3;1,5;;;
Malaysia;Insurance records;Total;2011;9,0;;;;;
Malaysia;Insurance records;Male;2011;15,0;;;;;
Malaysia;Insurance records;Female;2011;1,0;;;;;
Malaysia;Insurance records;Total;2012;6,0;;;;;
Malaysia;Insurance records;Male;2012;10,0;;;;;
Malaysia;Insurance records;Female;2012;0,0;;;;;
Malaysia;Other administrative records and related sources;Total;2013;5,0;;;;;
Malaysia;Other administrative records and related sources;Male;2013;8,0;;;;;
Malaysia;Other administrative records and related sources;Female;2013;0,0;;;;;
Malaysia;Other administrative records and related sources;Total;2015;5,0;;;;;
Malaysia;Other administrative records and related sources;Male;2015;8,0;;;;;
Malaysia;Other administrative records and related sources;Female;2015;1,0;;;;;
Malaysia;Other administrative records and related sources;Total;2017;3,8;;;;;
Malaysia;Other administrative records and related sources;Male;2017;6,3;;;;;
Malaysia;Other administrative records and related sources;Female;2017;0,4;;;;;
Malaysia;Other administrative records and related sources;Total;2018;;;3,1;;;
Malaysia;Other administrative records and related sources;Male;2018;;;5,3;;;
Malaysia;Other administrative records and related sources;Female;2018;;;0,2;;;
Malta;Other administrative records and related sources;Total;2010;4,9;;5,0;0,0;0,0;
Malta;Other administrative records and related sources;Male;2010;7,4;;7,6;0,0;0,0;
Malta;Other administrative records and related sources;Female;2010;0,0;;0,0;0,0;0,0;
Malta;Other administrative records and related sources;Total;2011;1,2;;1,2;0,0;0,0;
Malta;Other administrative records and related sources;Male;2011;1,8;;1,9;0,0;0,0;
Malta;Other administrative records and related sources;Female;2011;0,0;;0,0;0,0;0,0;
Malta;Other administrative records and related sources;Total;2012;5,9;;3,5;54,0;48,3;
Malta;Other administrative records and related sources;Male;2012;9,0;;5,4;75,6;70,7;
Malta;Other administrative records and related sources;Female;2012;0,0;;0,0;0,0;0,0;
Malta;Other administrative records and related sources;Total;2013;2,3;;2,5;0,0;0,0;
Malta;Other administrative records and related sources;Male;2013;3,7;;4,0;0,0;0,0;
Malta;Other administrative records and related sources;Female;2013;0,0;;0,0;0,0;0,0;
Malta;Other administrative records and related sources;Total;2014;2,2;;1,2;0,0;84,0;
Malta;Other administrative records and related sources;Male;2014;3,6;;2,0;0,0;208,1;
Malta;Other administrative records and related sources;Female;2014;0,0;;0,0;0,0;0,0;
Malta;Other administrative records and related sources;Total;2015;2,7;;3,1;0,0;0,0;
Malta;Other administrative records and related sources;Male;2015;4,4;;5,0;0,0;0,0;
Malta;Other administrative records and related sources;Female;2015;0,0;;0,0;0,0;0,0;
Mauritius;Insurance records;Total;2018;0,5;;;;;
Mauritius;Insurance records;Male;2018;0,5;;;;;
Mauritius;Insurance records;Female;2018;0,6;;;;;
Mexico;Insurance records;Total;2010;10,0;;;;;
Mexico;Insurance records;Male;2010;15,0;;;;;
Mexico;Insurance records;Female;2010;2,0;;;;;
Mexico;Insurance records;Total;2011;10,5;;;;;
Mexico;Insurance records;Male;2011;15,3;;;;;
Mexico;Insurance records;Female;2011;2,3;;;;;
Mexico;Insurance records;Total;2012;9,8;;;;;
Mexico;Insurance records;Male;2012;14,2;;;;;
Mexico;Insurance records;Female;2012;2,1;;;;;
Mexico;Insurance records;Total;2013;8,1;;;;;
Mexico;Insurance records;Male;2013;11,8;;;;;
Mexico;Insurance records;Female;2013;1,7;;;;;
Mexico;Insurance records;Total;2014;7,9;;;;;
Mexico;Insurance records;Male;2014;11,5;;;;;
Mexico;Insurance records;Female;2014;1,6;;;;;
Mexico;Insurance records;Total;2015;8,2;;;;;
Mexico;Insurance records;Male;2015;12,0;;;;;
Mexico;Insurance records;Female;2015;1,6;;;;;
Mexico;Insurance records;Total;2016;7,7;;;;;
Mexico;Insurance records;Male;2016;11,5;;;;;
Mexico;Insurance records;Female;2016;1,4;;;;;
Mexico;Insurance records;Total;2017;7,5;;;;;
Mexico;Insurance records;Male;2017;11,0;;;;;
Mexico;Insurance records;Female;2017;1,5;;;;;
Moldova, Republic of;Establishment survey;Total;2010;6,6;;;;;
Moldova, Republic of;Establishment survey;Male;2010;12,7;;;;;
Moldova, Republic of;Establishment survey;Female;2010;1,5;;;;;
Moldova, Republic of;Establishment survey;Total;2013;6,2;;;;;
Moldova, Republic of;Establishment survey;Male;2013;13,3;;;;;
Moldova, Republic of;Establishment survey;Female;2013;0,3;;;;;
Moldova, Republic of;Establishment survey;Total;2014;5,9;;;;;
Moldova, Republic of;Establishment survey;Male;2014;12,7;;;;;
Moldova, Republic of;Establishment survey;Female;2014;0,3;;;;;
Moldova, Republic of;Establishment survey;Total;2015;5,7;;;;;
Moldova, Republic of;Establishment survey;Male;2015;12,0;;;;;
Moldova, Republic of;Establishment survey;Female;2015;0,6;;;;;
Moldova, Republic of;Establishment survey;Total;2016;4,9;;;;;
Moldova, Republic of;Establishment survey;Male;2016;9,0;;;;;
Moldova, Republic of;Establishment survey;Female;2016;1,3;;;;;
Moldova, Republic of;Establishment survey;Total;2017;6,8;;;;;
Moldova, Republic of;Establishment survey;Male;2017;14,5;;;;;
Moldova, Republic of;Establishment survey;Total;2018;6,2;;;;;
Moldova, Republic of;Establishment survey;Male;2018;12,6;;;;;
Moldova, Republic of;Establishment survey;Female;2018;0,3;;;;;
Moldova, Republic of;Establishment survey;Total;2019;5,8;;;;;
Moldova, Republic of;Establishment survey;Male;2019;11,4;;;;;
Moldova, Republic of;Establishment survey;Female;2019;0,6;;;;;
Mongolia;Official estimate;Total;2016;2,7;;;;;
Mongolia;Official estimate;Total;2017;2,2;;;;;
Mongolia;Official estimate;Total;2018;2,4;;;;;
Mongolia;Official estimate;Total;2019;4,5;;;;;
Myanmar;Labour inspectorate records;Total;2010;6,7;;;;;
Myanmar;Labour inspectorate records;Male;2010;13,0;;;;;
Myanmar;Labour inspectorate records;Female;2010;0,5;;;;;
Myanmar;Labour inspectorate records;Total;2011;5,4;;;;;
Myanmar;Labour inspectorate records;Male;2011;9,4;;;;;
Myanmar;Labour inspectorate records;Female;2011;1,4;;;;;
Myanmar;Labour inspectorate records;Total;2012;3,8;;;;;
Myanmar;Labour inspectorate records;Male;2012;7,9;;;;;
Myanmar;Labour inspectorate records;Female;2012;0,0;;;;;
Myanmar;Labour inspectorate records;Total;2013;3,7;;;;;
Myanmar;Labour inspectorate records;Male;2013;7,2;;;;;
Myanmar;Labour inspectorate records;Female;2013;0,4;;;;;
Myanmar;Labour inspectorate records;Total;2014;2,9;;;;;
Myanmar;Labour inspectorate records;Male;2014;5,9;;;;;
Myanmar;Labour inspectorate records;Female;2014;0,6;;;;;
Myanmar;Labour inspectorate records;Total;2015;4,0;;;;;
Myanmar;Labour inspectorate records;Male;2015;8,9;;;;;
Myanmar;Labour inspectorate records;Female;2015;0,3;;;;;
Myanmar;Labour inspectorate records;Total;2016;4,6;;;;;
Myanmar;Labour inspectorate records;Male;2016;10,2;;;;;
Myanmar;Labour inspectorate records;Female;2016;0,5;;;;;
Myanmar;Labour inspectorate records;Total;2017;2,6;;;;;
Myanmar;Labour inspectorate records;Male;2017;6,6;;;;;
Myanmar;Labour inspectorate records;Female;2017;0,0;;;;;
Myanmar;Labour inspectorate records;Total;2018;2,4;;;;;
Myanmar;Labour inspectorate records;Male;2018;5,9;;;;;
Myanmar;Labour inspectorate records;Female;2018;0,3;;;;;
Myanmar;Labour inspectorate records;Total;2019;3,2;;3,2;;;
Myanmar;Labour inspectorate records;Male;2019;8,6;;8,6;;;
Myanmar;Labour inspectorate records;Female;2019;0,0;;0,0;;;
Netherlands;Insurance records;Total;2010;1,0;;0,8;1,3;1,4;30,7
Netherlands;Insurance records;Male;2010;1,7;;1,4;2,5;2,2;56,0
Netherlands;Insurance records;Female;2010;0,1;;0,0;0,0;0,0;7,4
Netherlands;Insurance records;Total;2011;0,7;;0,7;0,0;1,7;
Netherlands;Insurance records;Male;2011;1,3;;1,3;0,0;2,9;
Netherlands;Insurance records;Female;2011;0,1;;0,1;0,0;0,0;
Netherlands;Insurance records;Total;2012;0,5;;0,5;1,4;1,6;
Netherlands;Insurance records;Male;2012;1,0;;0,9;3,0;2,9;
Netherlands;Insurance records;Female;2012;0,0;;0,0;0,0;0,0;
Netherlands;Insurance records;Total;2013;0,6;;0,6;1,4;1,7;
Netherlands;Insurance records;Male;2013;1,2;;1,2;2,8;3,1;
Netherlands;Insurance records;Female;2013;0,0;;0,0;0,0;0,0;
Netherlands;Insurance records;Total;2014;0,7;;0,7;1,3;1,7;2,9
Netherlands;Insurance records;Male;2014;1,3;;1,2;2,7;3,1;5,9
Netherlands;Insurance records;Female;2014;0,1;;0,1;0,0;0,0;
Netherlands;Insurance records;Total;2015;0,5;;0,5;1,2;1,6;
Netherlands;Insurance records;Male;2015;1,0;;1,0;2,6;2,9;
Netherlands;Insurance records;Female;2015;0,0;;0,0;0,0;0,0;
New Caledonia;Insurance records;Total;2012;4,0;;;;;
New Caledonia;Insurance records;Total;2013;11,0;;;;;
New Caledonia;Insurance records;Total;2014;5,0;;;;;
New Caledonia;Insurance records;Total;2015;7,0;;;;;
New Zealand;Insurance records;Total;2012;2,5;;;;;
New Zealand;Insurance records;Male;2012;4,1;;;;;
New Zealand;Insurance records;Female;2012;0,4;;;;;
Nicaragua;Other administrative records and related sources;Total;2010;8,0;;;;;
Nicaragua;Other administrative records and related sources;Male;2010;12,0;;;;;
Nicaragua;Other administrative records and related sources;Female;2010;2,6;;;;;
Norway;Labour inspectorate records;Total;2010;1,6;;1,6;2,1;3,8;
Norway;Labour inspectorate records;Male;2010;2,9;;2,8;3,5;7,5;
Norway;Labour inspectorate records;Female;2010;0,2;;0,2;0,0;0,0;
Norway;Labour inspectorate records;Total;2011;2,2;;2,0;5,7;3,4;
Norway;Labour inspectorate records;Male;2011;3,2;;2,8;9,8;7,5;
Norway;Labour inspectorate records;Female;2011;1,0;;1,1;0,0;0,0;
Norway;Labour inspectorate records;Total;2012;1,4;;1,2;4,6;3,2;
Norway;Labour inspectorate records;Male;2012;2,5;;2,1;7,5;7,1;
Norway;Labour inspectorate records;Female;2012;0,2;;0,2;0,0;0,0;
Norway;Labour inspectorate records;Total;2013;1,9;;1,8;1,4;3,1;
Norway;Labour inspectorate records;Male;2013;3,2;;3,2;2,2;6,3;
Norway;Labour inspectorate records;Female;2013;0,3;;0,4;0,0;0,0;
Norway;Labour inspectorate records;Total;2014;1,7;;1,2;6,7;10,8;
Norway;Labour inspectorate records;Male;2014;3,0;;2,1;9,0;20,6;
Norway;Labour inspectorate records;Female;2014;0,2;;0,1;2,6;0,0;
Norway;Labour inspectorate records;Total;2015;1,5;;1,0;7,7;2,8;114,6
Norway;Labour inspectorate records;Male;2015;2,7;;1,7;12,8;5,5;241,6
Norway;Labour inspectorate records;Female;2015;0,2;;0,2;0,0;0,0;
Occupied Palestinian Territory;Other administrative records and related sources;Total;2015;38,4;;;;;
Occupied Palestinian Territory;Other administrative records and related sources;Male;2015;49,8;;;;;
Occupied Palestinian Territory;Other administrative records and related sources;Female;2015;0,0;;;;;
Panama;Labour inspectorate records;Total;2011;1,6;;;;;
Panama;Labour inspectorate records;Male;2011;1,6;;;;;
Panama;Labour inspectorate records;Total;2012;1,5;;;;;
Panama;Labour inspectorate records;Male;2012;1,5;;;;;
Panama;Labour inspectorate records;Total;2013;1,3;;;;;
Panama;Labour inspectorate records;Male;2013;2,2;;;;;
Panama;Labour inspectorate records;Total;2014;1,2;;;;;
Panama;Labour inspectorate records;Male;2014;2,1;;;;;
Panama;Labour inspectorate records;Female;2014;0,0;;;;;
Panama;Labour inspectorate records;Total;2016;4,0;0,4;3,6;;;
Panama;Labour inspectorate records;Male;2016;0,4;0,4;3,6;;;
Philippines;Establishment survey;Total;2011;4,4;;;;;
Philippines;Establishment survey;Total;2013;6,4;;;;;
Poland;Establishment survey;Total;2010;3,3;;3,2;421,8;0,0;
Poland;Establishment survey;Male;2010;6,1;;5,7;;0,0;
Poland;Establishment survey;Female;2010;0,3;;0,3;;0,0;
Poland;Establishment survey;Total;2011;2,5;;2,3;314,4;0,0;
Poland;Establishment survey;Male;2011;4,4;;4,0;386,4;0,0;
Poland;Establishment survey;Female;2011;0,2;;0,2;;0,0;
Poland;Establishment survey;Total;2012;2,3;;2,2;226,7;0,0;
Poland;Establishment survey;Male;2012;3,9;;3,7;279,3;0,0;
Poland;Establishment survey;Female;2012;0,3;;0,3;;0,0;
Poland;Establishment survey;Total;2013;1,8;;1,7;238,0;0,0;
Poland;Establishment survey;Male;2013;3,2;;2,9;275,4;0,0;
Poland;Establishment survey;Female;2013;0,2;;0,2;;0,0;
Poland;Establishment survey;Total;2014;1,8;;1,6;157,4;10,0;
Poland;Establishment survey;Male;2014;3,0;;2,8;208,2;18,2;
Poland;Establishment survey;Female;2014;0,2;;0,2;;0,0;
Poland;Establishment survey;Total;2015;1,9;;1,7;214,8;6,6;
Poland;Establishment survey;Male;2015;3,3;;2,9;271,1;11,6;
Poland;Establishment survey;Female;2015;0,2;;0,2;;0,0;
Portugal;Insurance records;Total;2010;4,3;;4,1;6,9;7,7;
Portugal;Insurance records;Male;2010;7,8;;7,5;15,4;15,3;
Portugal;Insurance records;Female;2010;0,3;;0,3;0,0;0,0;
Portugal;Insurance records;Total;2011;5,1;;4,7;18,5;16,1;
Portugal;Insurance records;Male;2011;8,3;;7,8;18,7;29,5;
Portugal;Insurance records;Female;2011;0,6;;0,5;19,2;0,0;
Portugal;Insurance records;Total;2012;4,8;;4,6;9,7;15,3;
Portugal;Insurance records;Male;2012;8,0;;7,7;18,0;26,0;
Portugal;Insurance records;Female;2012;0,4;;0,3;0,0;5,6;
Portugal;Insurance records;Total;2013;3,6;;3,7;8,1;0,0;
Portugal;Insurance records;Male;2013;6,8;;6,9;15,5;0,0;
Portugal;Insurance records;Female;2013;0,3;;0,3;0,0;0,0;
Portugal;Insurance records;Total;2014;3,6;;3,5;0,0;8,6;
Portugal;Insurance records;Male;2014;6,6;;6,5;0,0;14,2;
Portugal;Insurance records;Female;2014;0,4;;0,3;0,0;4,3;
Portugal;Insurance records;Total;2015;3,5;;3,4;7,4;7,8;
Portugal;Insurance records;Male;2015;6,8;;6,6;15,8;16,7;
Portugal;Insurance records;Female;2015;0,1;;0,1;0,0;0,0;
Qatar;Labour inspectorate records;Total;2016;1,7;1,8;0,0;;;
Qatar;Labour inspectorate records;Male;2016;2,0;2,0;0,0;;;
Qatar;Labour inspectorate records;Female;2016;0,0;0,0;0,0;;;
Qatar;Labour inspectorate records;Total;2018;5,9;6,2;0,0;;;
Qatar;Labour inspectorate records;Male;2018;6,7;7,0;0,0;;;
Qatar;Labour inspectorate records;Female;2018;0,7;0,8;0,0;;;
Romania;Labour inspectorate records;Total;2010;5,3;;5,3;;;
Romania;Labour inspectorate records;Male;2010;9,4;;9,3;;;
Romania;Labour inspectorate records;Female;2010;0,9;;0,9;;;
Romania;Labour inspectorate records;Total;2011;6,4;;6,3;;;
Romania;Labour inspectorate records;Male;2011;12,3;;12,1;;;
Romania;Labour inspectorate records;Female;2011;1,1;;1,1;;;
Romania;Labour inspectorate records;Total;2012;5,8;;5,8;;;
Romania;Labour inspectorate records;Male;2012;11,6;;11,6;;;
Romania;Labour inspectorate records;Female;2012;0,6;;0,6;;;
Romania;Labour inspectorate records;Total;2013;5,6;;5,6;;;
Romania;Labour inspectorate records;Male;2013;11,2;;11,2;;;
Romania;Labour inspectorate records;Female;2013;0,6;;0,6;;;
Romania;Labour inspectorate records;Total;2014;5,5;;5,5;;;
Romania;Labour inspectorate records;Male;2014;11,2;;11,1;;;
Romania;Labour inspectorate records;Female;2014;0,4;;0,4;;;
Romania;Labour inspectorate records;Total;2015;5,6;;5,5;;;
Romania;Labour inspectorate records;Male;2015;10,1;;10,1;;;
Romania;Labour inspectorate records;Female;2015;0,5;;0,5;;;
Romania;Labour inspectorate records;Total;2016;3,8;;;;;
Réunion;Insurance records;Total;2014;2,3;;;;;
Singapore;Labour inspectorate records;Total;2010;2,2;;;;;
Singapore;Labour inspectorate records;Total;2011;2,3;;;;;
Singapore;Labour inspectorate records;Total;2012;2,1;;;;;
Singapore;Labour inspectorate records;Total;2013;2,1;;;;;
Singapore;Labour inspectorate records;Total;2014;1,8;;;;;
Singapore;Labour inspectorate records;Total;2015;1,9;;;;;
Slovakia;Labour inspectorate records;Total;2010;1,9;;1,8;57,8;;
Slovakia;Labour inspectorate records;Male;2010;3,2;;3,1;71,6;;
Slovakia;Labour inspectorate records;Female;2010;0,4;;0,4;;;
Slovakia;Labour inspectorate records;Total;2011;1,6;;1,6;0,0;;
Slovakia;Labour inspectorate records;Male;2011;2,9;;3,0;0,0;;
Slovakia;Labour inspectorate records;Female;2011;0,2;;0,2;;;
Slovakia;Labour inspectorate records;Total;2012;2,2;;2,2;0,0;;
Slovakia;Labour inspectorate records;Male;2012;4,3;;4,3;;;
Slovakia;Labour inspectorate records;Female;2012;0,0;;0,0;;;
Slovakia;Labour inspectorate records;Total;2013;2,4;;2,4;0,0;;
Slovakia;Labour inspectorate records;Male;2013;4,2;;4,2;0,0;;
Slovakia;Labour inspectorate records;Female;2013;0,2;;0,2;;;
Slovakia;Labour inspectorate records;Total;2014;1,7;;1,7;0,0;;
Slovakia;Labour inspectorate records;Male;2014;3,0;;3,1;0,0;;
Slovakia;Labour inspectorate records;Female;2014;0,0;;0,0;;;
Slovakia;Labour inspectorate records;Total;2015;2,7;;2,7;0,0;0,0;
Slovakia;Labour inspectorate records;Male;2015;4,9;;4,9;0,0;;
Slovakia;Labour inspectorate records;Female;2015;0,2;;0,2;0,0;;
Slovakia;Labour inspectorate records;Total;2016;2,0;;;;;
Slovakia;Labour inspectorate records;Male;2016;3,0;;;;;
Slovakia;Labour inspectorate records;Female;2016;0,0;;;;;
Slovenia;Other administrative records and related sources;Total;2010;3,0;;2,6;0,0;39,8;
Slovenia;Other administrative records and related sources;Male;2010;5,5;;4,7;0,0;56,6;
Slovenia;Other administrative records and related sources;Female;2010;0,0;;0,0;0,0;0,0;
Slovenia;Other administrative records and related sources;Total;2011;2,6;;2,2;0,0;14,2;
Slovenia;Other administrative records and related sources;Male;2011;4,3;;3,5;0,0;18,7;
Slovenia;Other administrative records and related sources;Female;2011;0,6;;0,6;0,0;0,0;
Slovenia;Other administrative records and related sources;Total;2012;2,7;;1,3;52,2;48,7;
Slovenia;Other administrative records and related sources;Male;2012;5,0;;2,5;87,1;62,2;
Slovenia;Other administrative records and related sources;Female;2012;0,0;;0,0;0,0;0,0;
Slovenia;Other administrative records and related sources;Total;2013;2,5;;2,0;0,0;27,8;
Slovenia;Other administrative records and related sources;Male;2013;4,1;;3,2;0,0;36,3;
Slovenia;Other administrative records and related sources;Female;2013;0,5;;0,5;0,0;0,0;
Slovenia;Other administrative records and related sources;Total;2014;3,1;;2,3;55,2;26,5;
Slovenia;Other administrative records and related sources;Male;2014;5,1;;3,7;85,6;33,5;
Slovenia;Other administrative records and related sources;Female;2014;0,6;;0,6;0,0;0,0;
Slovenia;Other administrative records and related sources;Total;2015;2,8;;1,0;0,0;58,6;
Slovenia;Other administrative records and related sources;Male;2015;4,6;;1,4;0,0;77,6;
Slovenia;Other administrative records and related sources;Female;2015;0,5;;0,6;0,0;0,0;
Spain;Insurance records;Total;2010;2,3;;;;;
Spain;Insurance records;Male;2010;4,2;;;;;
Spain;Insurance records;Female;2010;0,2;;;;;
Spain;Insurance records;Total;2011;2,5;;2,5;3,6;2,2;
Spain;Insurance records;Male;2011;4,5;;4,4;7,1;4,1;
Spain;Insurance records;Female;2011;0,2;;0,2;0,0;0,3;
Spain;Insurance records;Total;2012;2,2;;2,0;3,3;3,0;
Spain;Insurance records;Male;2012;4,0;;3,7;6,8;5,8;
Spain;Insurance records;Female;2012;0,2;;0,2;0,0;0,4;
Spain;Insurance records;Total;2013;1,9;;1,8;4,3;1,5;
Spain;Insurance records;Male;2013;3,5;;3,3;8,0;3,1;
Spain;Insurance records;Female;2013;0,2;;0,2;0,7;0,0;
Spain;Insurance records;Total;2014;2,0;;2,0;3,2;1,9;
Spain;Insurance records;Male;2014;3,7;;3,6;6,5;3,5;
Spain;Insurance records;Female;2014;0,3;;0,3;0,0;0,4;
Spain;Insurance records;Total;2015;2,3;;2,2;4,7;2,1;
Spain;Insurance records;Male;2015;4,1;;3,9;8,7;4,1;
Spain;Insurance records;Female;2015;0,3;;0,3;0,6;0,0;
Spain;Insurance records;Total;2016;1,8;2,0;1,8;;;
Spain;Insurance records;Male;2016;3,3;3,7;3,2;;;
Spain;Insurance records;Female;2016;0,2;0,0;0,2;;;
Sri Lanka;Labour inspectorate records;Total;2014;0,9;;;;;
Sri Lanka;Labour inspectorate records;Male;2014;1,3;;;;;
Sri Lanka;Labour inspectorate records;Female;2014;0,1;;;;;
Sri Lanka;Labour inspectorate records;Total;2015;1,0;;;;;
Sri Lanka;Labour inspectorate records;Male;2015;1,4;;;;;
Sri Lanka;Labour inspectorate records;Female;2015;0,1;;;;;
Sri Lanka;Labour inspectorate records;Total;2016;0,8;;;;;
Sri Lanka;Labour inspectorate records;Male;2016;1,3;;;;;
Sri Lanka;Labour inspectorate records;Female;2016;0,1;;;;;
Sri Lanka;Labour inspectorate records;Total;2017;0,8;;;;;
Sri Lanka;Labour inspectorate records;Male;2017;1,2;;;;;
Sri Lanka;Labour inspectorate records;Female;2017;0,1;;;;;
Sri Lanka;Labour inspectorate records;Total;2018;1,3;;;;;
Sri Lanka;Labour inspectorate records;Male;2018;1,7;;;;;
Sri Lanka;Labour inspectorate records;Female;2018;0,4;;;;;
Sri Lanka;Labour inspectorate records;Total;2019;1,0;;;;;
Sri Lanka;Labour inspectorate records;Male;2019;1,5;;;;;
Sri Lanka;Labour inspectorate records;Female;2019;0,1;;;;;
Sweden;Other administrative records and related sources;Total;2010;0,9;;0,0;0,0;0,0;1284,5
Sweden;Other administrative records and related sources;Male;2010;1,6;;0,0;0,0;0,0;1550,1
Sweden;Other administrative records and related sources;Female;2010;0,2;;0,0;0,0;0,0;
Sweden;Other administrative records and related sources;Total;2011;1,3;;0,0;0,0;0,0;1813,1
Sweden;Other administrative records and related sources;Male;2011;2,1;;0,0;0,0;0,0;2685,6
Sweden;Other administrative records and related sources;Female;2011;0,3;;0,0;0,0;0,0;538,9
Sweden;Other administrative records and related sources;Total;2012;1,0;;0,0;0,0;0,0;1203,5
Sweden;Other administrative records and related sources;Male;2012;1,7;;0,0;0,0;0,0;1732,2
Sweden;Other administrative records and related sources;Female;2012;0,2;;0,0;0,0;0,0;271,9
Sweden;Other administrative records and related sources;Total;2013;0,8;;0,0;0,0;0,0;927,8
Sweden;Other administrative records and related sources;Male;2013;1,4;;0,0;0,0;0,0;1207,8
Sweden;Other administrative records and related sources;Female;2013;0,1;;0,0;0,0;0,0;187,6
Sweden;Other administrative records and related sources;Total;2014;0,9;;0,0;0,0;0,0;1575,1
Sweden;Other administrative records and related sources;Male;2014;1,6;;0,0;0,0;0,0;2131,2
Sweden;Other administrative records and related sources;Female;2014;0,1;;0,0;0,0;0,0;
Sweden;Other administrative records and related sources;Total;2015;0,7;;0,0;0,0;0,0;798,9
Sweden;Other administrative records and related sources;Male;2015;1,3;;0,0;0,0;0,0;972,4
Sweden;Other administrative records and related sources;Female;2015;0,1;;0,0;0,0;0,0;207,0
Sweden;Other administrative records and related sources;Total;2016;1,0;;;;;
Sweden;Other administrative records and related sources;Male;2016;1,0;;;;;
Sweden;Other administrative records and related sources;Female;2016;0,0;;;;;
Switzerland;Other administrative records and related sources;Total;2010;2,2;;2,0;3,0;2,1;
Switzerland;Other administrative records and related sources;Male;2010;3,7;;3,6;4,5;2,4;
Switzerland;Other administrative records and related sources;Female;2010;0,3;;0,1;0,8;1,7;
Switzerland;Other administrative records and related sources;Total;2011;1,2;;1,0;1,6;2,9;
Switzerland;Other administrative records and related sources;Male;2011;2,0;;1,5;2,5;4,7;
Switzerland;Other administrative records and related sources;Female;2011;0,3;;0,3;0,0;0,0;
Switzerland;Other administrative records and related sources;Total;2012;1,6;;1,5;1,9;1,8;
Switzerland;Other administrative records and related sources;Male;2012;2,6;;2,5;3,1;3,1;
Switzerland;Other administrative records and related sources;Female;2012;0,2;;0,3;0,0;0,0;
Switzerland;Other administrative records and related sources;Total;2013;1,8;;1,4;2,7;3,0;93,8
Switzerland;Other administrative records and related sources;Male;2013;3,0;;2,3;4,6;5,4;164,3
Switzerland;Other administrative records and related sources;Female;2013;0,3;;0,4;0,0;0,0;
Switzerland;Other administrative records and related sources;Total;2014;1,6;;1,5;2,0;2,6;
Switzerland;Other administrative records and related sources;Male;2014;2,9;;2,7;2,9;4,6;
Switzerland;Other administrative records and related sources;Female;2014;0,2;;0,1;0,6;0,0;
Switzerland;Other administrative records and related sources;Total;2015;1,3;;1,3;1,2;1,5;
Switzerland;Other administrative records and related sources;Male;2015;2,1;;2,1;1,8;2,2;
Switzerland;Other administrative records and related sources;Female;2015;0,1;;0,2;0,0;0,0;
Thailand;Insurance records;Total;2010;7,6;;;;;
Thailand;Insurance records;Total;2011;6,7;;;;;
Thailand;Insurance records;Total;2012;8,4;;;;;
Thailand;Insurance records;Total;2013;7,1;;;;;
Thailand;Insurance records;Total;2014;6,8;;;;;
Turkey;Insurance records;Total;2010;13,3;0,0;13,3;;;
Turkey;Insurance records;Male;2010;17,3;0,0;17,3;;;
Turkey;Insurance records;Female;2010;0,9;0,0;0,9;;;
Turkey;Insurance records;Total;2011;14,4;0,0;14,4;;;
Turkey;Insurance records;Male;2011;18,6;0,0;18,7;;;
Turkey;Insurance records;Female;2011;1,1;0,0;1,1;;;
Turkey;Insurance records;Total;2012;5,8;5,2;5,8;;;
Turkey;Insurance records;Male;2012;7,6;12,1;7,6;;;
Turkey;Insurance records;Female;2012;0,3;0,0;0,3;;;
Turkey;Insurance records;Total;2013;8,3;2,8;8,3;;;
Turkey;Insurance records;Male;2013;10,9;3,2;10,9;;;
Turkey;Insurance records;Female;2013;0,6;2,4;0,6;;;
Turkey;Insurance records;Total;2014;9,4;1,2;9,4;;;
Turkey;Insurance records;Male;2014;12,3;0,0;12,4;;;
Turkey;Insurance records;Female;2014;0,8;2,1;0,8;;;
Turkey;Insurance records;Total;2015;6,9;0,0;6,9;;;
Turkey;Insurance records;Male;2015;9,1;0,0;9,1;;;
Turkey;Insurance records;Female;2015;0,7;0,0;0,7;;;
Turkey;Insurance records;Total;2016;7,5;5,0;7,5;;;
Turkey;Insurance records;Male;2016;10,0;9,5;10,0;;;
Turkey;Insurance records;Female;2016;0,7;0,0;0,7;;;
Ukraine;Establishment survey;Total;2010;5,6;;;;;
Ukraine;Establishment survey;Male;2010;11,2;;;;;
Ukraine;Establishment survey;Female;2010;0,6;;;;;
Ukraine;Establishment survey;Total;2011;5,8;;;;;
Ukraine;Establishment survey;Male;2011;11,3;;;;;
Ukraine;Establishment survey;Female;2011;0,8;;;;;
Ukraine;Establishment survey;Total;2012;5,7;;;;;
Ukraine;Establishment survey;Male;2012;11,2;;;;;
Ukraine;Establishment survey;Female;2012;0,7;;;;;
Ukraine;Establishment survey;Total;2013;5,0;;;;;
Ukraine;Establishment survey;Male;2013;9,7;;;;;
Ukraine;Establishment survey;Female;2013;0,8;;;;;
Ukraine;Establishment survey;Total;2014;4,3;;;;;
Ukraine;Establishment survey;Male;2014;8,1;;;;;
Ukraine;Establishment survey;Female;2014;0,9;;;;;
Ukraine;Establishment survey;Total;2015;4,0;;;;;
Ukraine;Establishment survey;Male;2015;7,9;;;;;
Ukraine;Establishment survey;Female;2015;0,7;;;;;
Ukraine;Establishment survey;Total;2016;4,5;;;;;
Ukraine;Establishment survey;Male;2016;8,9;;;;;
Ukraine;Establishment survey;Female;2016;0,8;;;;;
Ukraine;Establishment survey;Total;2017;3,8;;;;;
Ukraine;Establishment survey;Male;2017;7,3;;;;;
Ukraine;Establishment survey;Female;2017;0,8;;;;;
Ukraine;Establishment survey;Total;2018;3,6;;;;;
Ukraine;Establishment survey;Male;2018;7,0;;;;;
Ukraine;Establishment survey;Female;2018;0,7;;;;;
Ukraine;Establishment survey;Total;2019;5,5;;;;;
Ukraine;Establishment survey;Male;2019;11,0;;;;;
Ukraine;Establishment survey;Female;2019;0,8;;;;;
United Kingdom;Insurance records;Total;2010;0,5;;0,0;0,0;0,0;329,2
United Kingdom;Insurance records;Male;2010;0,9;;0,0;0,0;0,0;560,6
United Kingdom;Insurance records;Female;2010;0,1;;0,0;0,0;0,0;36,2
United Kingdom;Insurance records;Total;2011;0,7;;0,0;0,0;0,0;
United Kingdom;Insurance records;Male;2011;1,2;;0,0;0,0;0,0;
United Kingdom;Insurance records;Female;2011;0,1;;0,0;0,0;0,0;
United Kingdom;Insurance records;Total;2012;0,6;;0,0;0,0;0,0;
United Kingdom;Insurance records;Male;2012;1,0;;0,0;0,0;0,0;
United Kingdom;Insurance records;Female;2012;0,1;;0,0;0,0;0,0;
United Kingdom;Insurance records;Total;2013;0,9;;0,0;0,0;0,0;
United Kingdom;Insurance records;Male;2013;1,6;;0,0;0,0;0,0;
United Kingdom;Insurance records;Female;2013;0,2;;0,0;0,0;0,0;
United Kingdom;Insurance records;Total;2014;0,8;;0,0;0,0;0,2;
United Kingdom;Insurance records;Male;2014;1,4;;0,1;0,0;0,3;
United Kingdom;Insurance records;Female;2014;0,2;;0,0;0,0;0,0;
United Kingdom;Insurance records;Total;2015;0,8;;0,0;0,0;0,0;
United Kingdom;Insurance records;Male;2015;1,4;;0,0;0,0;0,0;
United Kingdom;Insurance records;Female;2015;0,2;;0,0;0,0;0,0;
United States;Other administrative records and related sources;Total;2010;3,5;;;;;
United States;Other administrative records and related sources;Male;2010;5,7;;;;;
United States;Other administrative records and related sources;Female;2010;0,6;;;;;
United States;Other administrative records and related sources;Total;2011;3,5;;;;;
United States;Other administrative records and related sources;Male;2011;5,7;;;;;
United States;Other administrative records and related sources;Female;2011;0,7;;;;;
United States;Other administrative records and related sources;Total;2012;3,2;;;;;
United States;Other administrative records and related sources;Male;2012;5,2;;;;;
United States;Other administrative records and related sources;Female;2012;0,6;;;;;
United States;Other administrative records and related sources;Total;2013;3,3;;;;;
United States;Other administrative records and related sources;Male;2013;5,4;;;;;
United States;Other administrative records and related sources;Female;2013;0,5;;;;;
United States;Other administrative records and related sources;Total;2014;3,4;;;;;
United States;Other administrative records and related sources;Male;2014;5,6;;;;;
United States;Other administrative records and related sources;Female;2014;0,6;;;;;
Uruguay;Insurance records;Total;2018;3,7;;;;;
Uzbekistan;Official estimate;Total;2010;10,9;;;;;
Uzbekistan;Official estimate;Male;2010;12,8;;;;;
Uzbekistan;Official estimate;Female;2010;5,0;;;;;
Uzbekistan;Official estimate;Total;2011;10,6;;;;;
Uzbekistan;Official estimate;Male;2011;13,2;;;;;
Uzbekistan;Official estimate;Female;2011;2,5;;;;;
Uzbekistan;Official estimate;Total;2012;10,6;;;;;
Uzbekistan;Official estimate;Male;2012;13,4;;;;;
Uzbekistan;Official estimate;Female;2012;0,7;;;;;
Uzbekistan;Official estimate;Total;2013;11,0;;;;;
Uzbekistan;Official estimate;Male;2013;14,3;;;;;
Uzbekistan;Official estimate;Total;2014;11,2;;;;;
Uzbekistan;Official estimate;Male;2014;14,2;;;;;
Uzbekistan;Official estimate;Female;2014;0,7;;;;;
Uzbekistan;Official estimate;Total;2016;8,0;;8,0;;;
Uzbekistan;Official estimate;Male;2016;10,0;;10,0;;;
Uzbekistan;Official estimate;Female;2016;4,0;;4,0;;;
Uzbekistan;Official estimate;Total;2017;8,0;;8,0;;;
Uzbekistan;Official estimate;Male;2017;10,0;;10,0;;;
Uzbekistan;Official estimate;Total;2018;8,0;;8,0;;;
Uzbekistan;Official estimate;Male;2018;10,0;;10,0;;;
Uzbekistan;Official estimate;Female;2018;1,0;;1,0;;;
Uzbekistan;Official estimate;Total;2019;10,0;;10,0;;;
Uzbekistan;Official estimate;Male;2019;12,0;;12,0;;;
Uzbekistan;Official estimate;Female;2019;1,0;;1,0;;;
Zimbabwe;Insurance records;Total;2011;8,5;;;;;
Zimbabwe;Insurance records;Male;2011;9,8;;;;;
Zimbabwe;Insurance records;Female;2011;3,1;;;;;
Zimbabwe;Insurance records;Total;2012;9,5;;;;;
Zimbabwe;Insurance records;Male;2012;11,5;;;;;
Zimbabwe;Insurance records;Female;2012;1,6;;;;;
