ref_area,indicator,source,sex,time,obs_value,note_indicator,note_source
ABW,LAI_INSP_SEX_NB,FX:830,SEX_T,2011,11,,
ABW,LAI_INSP_SEX_NB,FX:830,SEX_M,2011,8,,
ABW,LAI_INSP_SEX_NB,FX:830,SEX_F,2011,3,,
AND,LAI_INSP_SEX_NB,EA:98,SEX_T,2015,8,,
AND,LAI_INSP_SEX_NB,EA:98,SEX_M,2015,4,,
AND,LAI_INSP_SEX_NB,EA:98,SEX_F,2015,4,,
ARG,LAI_INSP_SEX_NB,FX:158,SEX_T,2009,410,,
ARG,LAI_INSP_SEX_NB,FX:158,SEX_T,2010,432,,
ARG,LAI_INSP_SEX_NB,FX:158,SEX_T,2011,369,,
ARG,LAI_INSP_SEX_NB,FX:158,SEX_M,2011,226,,
ARG,LAI_INSP_SEX_NB,FX:158,SEX_F,2011,143,,
ARG,LAI_INSP_SEX_NB,FX:158,SEX_T,2012,367,,
ARG,LAI_INSP_SEX_NB,FX:158,SEX_M,2012,225,,
ARG,LAI_INSP_SEX_NB,FX:158,SEX_F,2012,142,,
ARG,LAI_INSP_SEX_NB,FX:158,SEX_T,2013,402,,
ARG,LAI_INSP_SEX_NB,FX:158,SEX_M,2013,267,,
ARG,LAI_INSP_SEX_NB,FX:158,SEX_F,2013,135,,
ARG,LAI_INSP_SEX_NB,FX:158,SEX_T,2014,391,,
ARG,LAI_INSP_SEX_NB,FX:158,SEX_M,2014,246,,
ARG,LAI_INSP_SEX_NB,FX:158,SEX_F,2014,145,,
ARG,LAI_INSP_SEX_NB,FX:158,SEX_T,2015,355,,
ARG,LAI_INSP_SEX_NB,FX:158,SEX_M,2015,223,,
ARG,LAI_INSP_SEX_NB,FX:158,SEX_F,2015,132,,
ARG,LAI_INSP_SEX_NB,FX:158,SEX_T,2017,364,,
ARG,LAI_INSP_SEX_NB,FX:158,SEX_M,2017,227,,
ARG,LAI_INSP_SEX_NB,FX:158,SEX_F,2017,137,,
ARM,LAI_INSP_SEX_NB,FF:172,SEX_T,2009,131,,
ARM,LAI_INSP_SEX_NB,FF:172,SEX_T,2010,126,,
AUT,LAI_INSP_SEX_NB,FF:256,SEX_T,2009,318,,S3:24
AUT,LAI_INSP_SEX_NB,FF:256,SEX_T,2010,309,,S3:24
AUT,LAI_INSP_SEX_NB,FF:256,SEX_T,2011,297,,S3:24
AUT,LAI_INSP_SEX_NB,FF:256,SEX_M,2011,214,,S3:24
AUT,LAI_INSP_SEX_NB,FF:256,SEX_F,2011,83,,S3:24
AUT,LAI_INSP_SEX_NB,FF:256,SEX_T,2012,312,,S3:24
AUT,LAI_INSP_SEX_NB,FF:256,SEX_M,2012,229,,S3:24
AUT,LAI_INSP_SEX_NB,FF:256,SEX_F,2012,83,,S3:24
AUT,LAI_INSP_SEX_NB,FF:256,SEX_T,2013,309,,S3:24
AUT,LAI_INSP_SEX_NB,FF:256,SEX_M,2013,224,,S3:24
AUT,LAI_INSP_SEX_NB,FF:256,SEX_F,2013,85,,S3:24
AUT,LAI_INSP_SEX_NB,FF:256,SEX_T,2014,329,,S3:24
AUT,LAI_INSP_SEX_NB,FF:256,SEX_M,2014,239,,S3:24
AUT,LAI_INSP_SEX_NB,FF:256,SEX_F,2014,90,,S3:24
AUT,LAI_INSP_SEX_NB,FF:256,SEX_T,2015,328,,S3:24
AUT,LAI_INSP_SEX_NB,FF:256,SEX_M,2015,238,,S3:24
AUT,LAI_INSP_SEX_NB,FF:256,SEX_F,2015,90,,S3:24
AUT,LAI_INSP_SEX_NB,FF:256,SEX_T,2016,322,,S3:24
AUT,LAI_INSP_SEX_NB,FF:256,SEX_M,2016,230,,S3:24
AUT,LAI_INSP_SEX_NB,FF:256,SEX_F,2016,92,,S3:24
AUT,LAI_INSP_SEX_NB,FF:256,SEX_T,2017,322,,S3:24
AUT,LAI_INSP_SEX_NB,FF:256,SEX_M,2017,229,,S3:24
AUT,LAI_INSP_SEX_NB,FF:256,SEX_F,2017,93,,S3:24
AUT,LAI_INSP_SEX_NB,FF:256,SEX_T,2018,322,,S3:24
AUT,LAI_INSP_SEX_NB,FF:256,SEX_M,2018,230,,S3:24
AUT,LAI_INSP_SEX_NB,FF:256,SEX_F,2018,92,,S3:24
AZE,LAI_INSP_SEX_NB,FF:130,SEX_T,2009,218,,S3:24_S5:38
AZE,LAI_INSP_SEX_NB,FF:130,SEX_T,2010,218,,S3:24_S5:38
AZE,LAI_INSP_SEX_NB,FF:130,SEX_T,2011,269,,S3:24
AZE,LAI_INSP_SEX_NB,FF:130,SEX_M,2011,253,,S3:24
AZE,LAI_INSP_SEX_NB,FF:130,SEX_F,2011,16,,S3:24
AZE,LAI_INSP_SEX_NB,FF:130,SEX_T,2012,269,,S3:24
AZE,LAI_INSP_SEX_NB,FF:130,SEX_M,2012,253,,S3:24
AZE,LAI_INSP_SEX_NB,FF:130,SEX_F,2012,16,,S3:24
AZE,LAI_INSP_SEX_NB,FF:130,SEX_T,2013,260,,S3:24
AZE,LAI_INSP_SEX_NB,FF:130,SEX_M,2013,247,,S3:24
AZE,LAI_INSP_SEX_NB,FF:130,SEX_F,2013,13,,S3:24
AZE,LAI_INSP_SEX_NB,FF:130,SEX_T,2014,264,,S3:24
AZE,LAI_INSP_SEX_NB,FF:130,SEX_M,2014,254,,S3:24
AZE,LAI_INSP_SEX_NB,FF:130,SEX_F,2014,10,,S3:24
AZE,LAI_INSP_SEX_NB,FF:130,SEX_T,2015,212,,S3:24
AZE,LAI_INSP_SEX_NB,FF:130,SEX_M,2015,201,,S3:24
AZE,LAI_INSP_SEX_NB,FF:130,SEX_F,2015,11,,S3:24
BEL,LAI_INSP_SEX_NB,EB:3463,SEX_T,2017,313,,S7:57
BEL,LAI_INSP_SEX_NB,EB:3463,SEX_M,2017,159,,S7:57
BEL,LAI_INSP_SEX_NB,EB:3463,SEX_F,2017,154,,S7:57
BEL,LAI_INSP_SEX_NB,EB:3463,SEX_T,2018,313,,S7:57
BEL,LAI_INSP_SEX_NB,EB:3463,SEX_M,2018,153,,S7:57
BEL,LAI_INSP_SEX_NB,EB:3463,SEX_F,2018,160,,S7:57
BEL,LAI_INSP_SEX_NB,EB:3463,SEX_T,2019,312,,S7:57
BEL,LAI_INSP_SEX_NB,EB:3463,SEX_M,2019,149,,S7:57
BEL,LAI_INSP_SEX_NB,EB:3463,SEX_F,2019,163,,S7:57
BGR,LAI_INSP_SEX_NB,FF:2603,SEX_T,2011,319,,S3:24
BGR,LAI_INSP_SEX_NB,FF:2603,SEX_M,2011,137,,S3:24
BGR,LAI_INSP_SEX_NB,FF:2603,SEX_F,2011,182,,S3:24
BGR,LAI_INSP_SEX_NB,FF:2603,SEX_T,2012,320,,S3:24
BGR,LAI_INSP_SEX_NB,FF:2603,SEX_M,2012,140,,S3:24
BGR,LAI_INSP_SEX_NB,FF:2603,SEX_F,2012,180,,S3:24
BHR,LAI_INSP_SEX_NB,FF:599,SEX_T,2011,27,,S3:23
BHR,LAI_INSP_SEX_NB,FF:599,SEX_M,2011,18,,S3:23
BHR,LAI_INSP_SEX_NB,FF:599,SEX_F,2011,9,,S3:23
BHR,LAI_INSP_SEX_NB,FF:599,SEX_T,2012,26,,S3:23
BHR,LAI_INSP_SEX_NB,FF:599,SEX_M,2012,17,,S3:23
BHR,LAI_INSP_SEX_NB,FF:599,SEX_F,2012,9,,S3:23
BHR,LAI_INSP_SEX_NB,FF:599,SEX_T,2015,20,,S3:23
BHR,LAI_INSP_SEX_NB,FF:599,SEX_M,2015,14,,S3:23
BHR,LAI_INSP_SEX_NB,FF:599,SEX_F,2015,6,,S3:23
BLZ,LAI_INSP_SEX_NB,FX:354,SEX_T,2009,21,,
BLZ,LAI_INSP_SEX_NB,FX:354,SEX_T,2010,22,,
BLZ,LAI_INSP_SEX_NB,FX:354,SEX_T,2011,24,,
BLZ,LAI_INSP_SEX_NB,FX:354,SEX_M,2011,12,,
BLZ,LAI_INSP_SEX_NB,FX:354,SEX_F,2011,12,,
BLZ,LAI_INSP_SEX_NB,FX:354,SEX_T,2012,23,,
BLZ,LAI_INSP_SEX_NB,FX:354,SEX_M,2012,12,,
BLZ,LAI_INSP_SEX_NB,FX:354,SEX_F,2012,11,,
BRA,LAI_INSP_SEX_NB,FX:952,SEX_T,2011,3093,,S3:24_S5:40
BRA,LAI_INSP_SEX_NB,FX:952,SEX_T,2012,2941,,S3:24_S5:40
BRA,LAI_INSP_SEX_NB,FX:952,SEX_T,2013,2775,,
BRA,LAI_INSP_SEX_NB,FX:952,SEX_M,2013,1761,,
BRA,LAI_INSP_SEX_NB,FX:952,SEX_F,2013,1014,,
BRB,LAI_INSP_SEX_NB,FF:339,SEX_T,2009,16,,
BRB,LAI_INSP_SEX_NB,FF:339,SEX_T,2010,16,,
BRB,LAI_INSP_SEX_NB,FF:339,SEX_T,2013,25,,
BRB,LAI_INSP_SEX_NB,FF:339,SEX_T,2014,19,,
BRB,LAI_INSP_SEX_NB,FF:339,SEX_M,2014,6,,
BRB,LAI_INSP_SEX_NB,FF:339,SEX_F,2014,13,,
BRB,LAI_INSP_SEX_NB,FF:339,SEX_T,2015,18,,
BRB,LAI_INSP_SEX_NB,FF:339,SEX_M,2015,6,,
BRB,LAI_INSP_SEX_NB,FF:339,SEX_F,2015,12,,
CAN,LAI_INSP_SEX_NB,FX:3347,SEX_T,2015,165,,
CAN,LAI_INSP_SEX_NB,FX:3347,SEX_M,2015,64,,
CAN,LAI_INSP_SEX_NB,FX:3347,SEX_F,2015,101,,
CAN,LAI_INSP_SEX_NB,FX:3347,SEX_T,2016,168,,
CAN,LAI_INSP_SEX_NB,FX:3347,SEX_T,2017,178,,
CAN,LAI_INSP_SEX_NB,FX:3347,SEX_M,2017,73,,
CAN,LAI_INSP_SEX_NB,FX:3347,SEX_F,2017,105,,
CAN,LAI_INSP_SEX_NB,FX:3347,SEX_T,2018,178,,
CAN,LAI_INSP_SEX_NB,FX:3347,SEX_M,2018,73,,
CAN,LAI_INSP_SEX_NB,FX:3347,SEX_F,2018,105,,
CAN,LAI_INSP_SEX_NB,FX:3347,SEX_T,2019,177,,
CAN,LAI_INSP_SEX_NB,FX:3347,SEX_M,2019,67,,
CAN,LAI_INSP_SEX_NB,FX:3347,SEX_F,2019,110,,
CHE,LAI_INSP_SEX_NB,FF:3519,SEX_T,2011,568,,S3:24
CHE,LAI_INSP_SEX_NB,FF:3519,SEX_T,2012,581,,S3:24
CHE,LAI_INSP_SEX_NB,FF:3519,SEX_T,2013,590,,S3:24
CHE,LAI_INSP_SEX_NB,FF:3519,SEX_T,2014,599,,S3:24
CHE,LAI_INSP_SEX_NB,FF:3519,SEX_T,2015,594,,S3:24
CHE,LAI_INSP_SEX_NB,FF:3519,SEX_T,2016,565,,S3:24
CHE,LAI_INSP_SEX_NB,FF:3519,SEX_T,2017,558,,S3:24
CHE,LAI_INSP_SEX_NB,FF:3519,SEX_T,2018,554,,S3:24
CHE,LAI_INSP_SEX_NB,FF:3519,SEX_T,2019,548,,S3:24
CHL,LAI_INSP_SEX_NB,FF:136,SEX_T,2009,1374,,S3:24
CHL,LAI_INSP_SEX_NB,FF:136,SEX_T,2010,1317,,S3:24
CHL,LAI_INSP_SEX_NB,FF:136,SEX_T,2011,1282,,S3:24
CHL,LAI_INSP_SEX_NB,FF:136,SEX_M,2011,669,,S3:24
CHL,LAI_INSP_SEX_NB,FF:136,SEX_F,2011,613,,S3:24
CHL,LAI_INSP_SEX_NB,FF:136,SEX_T,2012,1360,,S3:24
CHL,LAI_INSP_SEX_NB,FF:136,SEX_M,2012,720,,S3:24
CHL,LAI_INSP_SEX_NB,FF:136,SEX_F,2012,640,,S3:24
CHL,LAI_INSP_SEX_NB,FF:136,SEX_T,2013,1282,,S3:24
CHL,LAI_INSP_SEX_NB,FF:136,SEX_M,2013,667,,S3:24
CHL,LAI_INSP_SEX_NB,FF:136,SEX_F,2013,615,,S3:24
CHL,LAI_INSP_SEX_NB,FF:136,SEX_T,2017,815,I11:269,S3:24
CHL,LAI_INSP_SEX_NB,FF:136,SEX_M,2017,443,I11:269,S3:24
CHL,LAI_INSP_SEX_NB,FF:136,SEX_F,2017,372,I11:269,S3:24
CHL,LAI_INSP_SEX_NB,FF:136,SEX_T,2018,490,I11:269,S3:24
CHL,LAI_INSP_SEX_NB,FF:136,SEX_M,2018,257,I11:269,S3:24
CHL,LAI_INSP_SEX_NB,FF:136,SEX_F,2018,233,I11:269,S3:24
COL,LAI_INSP_SEX_NB,FX:2579,SEX_T,2011,410,,
COL,LAI_INSP_SEX_NB,FX:2579,SEX_M,2011,185,,
COL,LAI_INSP_SEX_NB,FX:2579,SEX_F,2011,225,,
COL,LAI_INSP_SEX_NB,FX:2579,SEX_T,2012,462,,
COL,LAI_INSP_SEX_NB,FX:2579,SEX_M,2012,206,,
COL,LAI_INSP_SEX_NB,FX:2579,SEX_F,2012,256,,
COL,LAI_INSP_SEX_NB,FX:2579,SEX_T,2013,650,,
COL,LAI_INSP_SEX_NB,FX:2579,SEX_M,2013,289,,
COL,LAI_INSP_SEX_NB,FX:2579,SEX_F,2013,361,,
COL,LAI_INSP_SEX_NB,FX:2579,SEX_T,2014,700,,
COL,LAI_INSP_SEX_NB,FX:2579,SEX_M,2014,315,,
COL,LAI_INSP_SEX_NB,FX:2579,SEX_F,2014,385,,
COL,LAI_INSP_SEX_NB,FX:2579,SEX_T,2015,834,,
COL,LAI_INSP_SEX_NB,FX:2579,SEX_M,2015,339,,
COL,LAI_INSP_SEX_NB,FX:2579,SEX_F,2015,495,,
COL,LAI_INSP_SEX_NB,FX:2579,SEX_T,2016,845,,
COL,LAI_INSP_SEX_NB,FX:2579,SEX_M,2016,350,,
COL,LAI_INSP_SEX_NB,FX:2579,SEX_F,2016,495,,
COL,LAI_INSP_SEX_NB,FX:2579,SEX_T,2017,904,,
COL,LAI_INSP_SEX_NB,FX:2579,SEX_M,2017,439,,
COL,LAI_INSP_SEX_NB,FX:2579,SEX_F,2017,465,,
CRI,LAI_INSP_SEX_NB,FF:144,SEX_T,2009,93,,
CRI,LAI_INSP_SEX_NB,FF:144,SEX_T,2010,99,,
CRI,LAI_INSP_SEX_NB,FF:144,SEX_T,2011,103,,S3:18
CRI,LAI_INSP_SEX_NB,FF:144,SEX_T,2012,105,,S3:18
CRI,LAI_INSP_SEX_NB,FF:144,SEX_T,2013,96,,S3:18
CRI,LAI_INSP_SEX_NB,FF:144,SEX_M,2013,53,,S3:18
CRI,LAI_INSP_SEX_NB,FF:144,SEX_F,2013,43,,S3:18
CRI,LAI_INSP_SEX_NB,FF:144,SEX_T,2014,100,,S3:18
CRI,LAI_INSP_SEX_NB,FF:144,SEX_M,2014,53,,S3:18
CRI,LAI_INSP_SEX_NB,FF:144,SEX_F,2014,47,,S3:18
CRI,LAI_INSP_SEX_NB,FF:144,SEX_T,2015,92,,S3:18
CRI,LAI_INSP_SEX_NB,FF:144,SEX_M,2015,50,,S3:18
CRI,LAI_INSP_SEX_NB,FF:144,SEX_F,2015,42,,S3:18
CUB,LAI_INSP_SEX_NB,FX:366,SEX_T,2009,407,,
CUB,LAI_INSP_SEX_NB,FX:366,SEX_T,2010,377,,
CYP,LAI_INSP_SEX_NB,FF:41,SEX_T,2009,23,T12:1516,S3:24
CYP,LAI_INSP_SEX_NB,FF:41,SEX_T,2010,22,T12:1516,S3:24
CYP,LAI_INSP_SEX_NB,FF:41,SEX_T,2015,21,,S3:24
CYP,LAI_INSP_SEX_NB,FF:41,SEX_M,2015,16,,S3:24
CYP,LAI_INSP_SEX_NB,FF:41,SEX_F,2015,5,,S3:24
CYP,LAI_INSP_SEX_NB,FF:41,SEX_T,2017,26,,S3:24
CYP,LAI_INSP_SEX_NB,FF:41,SEX_M,2017,21,,S3:24
CYP,LAI_INSP_SEX_NB,FF:41,SEX_F,2017,5,,S3:24
CYP,LAI_INSP_SEX_NB,FF:41,SEX_T,2018,24,,S3:24
CYP,LAI_INSP_SEX_NB,FF:41,SEX_M,2018,19,,S3:24
CYP,LAI_INSP_SEX_NB,FF:41,SEX_F,2018,5,,S3:24
CYP,LAI_INSP_SEX_NB,FF:41,SEX_T,2019,23,,
CYP,LAI_INSP_SEX_NB,FF:41,SEX_M,2019,18,,
CYP,LAI_INSP_SEX_NB,FF:41,SEX_F,2019,5,,
CZE,LAI_INSP_SEX_NB,FF:298,SEX_T,2009,332,,S3:24_S5:41
CZE,LAI_INSP_SEX_NB,FF:298,SEX_T,2010,333,,S3:24_S5:41
CZE,LAI_INSP_SEX_NB,FF:298,SEX_T,2011,334,,S3:24
CZE,LAI_INSP_SEX_NB,FF:298,SEX_M,2011,218,,S3:24
CZE,LAI_INSP_SEX_NB,FF:298,SEX_F,2011,116,,S3:24
CZE,LAI_INSP_SEX_NB,FF:298,SEX_T,2012,669,,S3:24
CZE,LAI_INSP_SEX_NB,FF:298,SEX_M,2012,356,,S3:24
CZE,LAI_INSP_SEX_NB,FF:298,SEX_F,2012,313,,S3:24
CZE,LAI_INSP_SEX_NB,FF:298,SEX_T,2013,630,,S3:24
CZE,LAI_INSP_SEX_NB,FF:298,SEX_M,2013,334,,S3:24
CZE,LAI_INSP_SEX_NB,FF:298,SEX_F,2013,296,,S3:24
CZE,LAI_INSP_SEX_NB,FF:298,SEX_T,2014,529,,S3:24
CZE,LAI_INSP_SEX_NB,FF:298,SEX_M,2014,292,,S3:24
CZE,LAI_INSP_SEX_NB,FF:298,SEX_F,2014,237,,S3:24
CZE,LAI_INSP_SEX_NB,FF:298,SEX_T,2015,497,,S3:24
CZE,LAI_INSP_SEX_NB,FF:298,SEX_M,2015,292,,S3:24
CZE,LAI_INSP_SEX_NB,FF:298,SEX_F,2015,205,,S3:24
CZE,LAI_INSP_SEX_NB,FF:298,SEX_T,2017,509,,S3:24
CZE,LAI_INSP_SEX_NB,FF:298,SEX_M,2017,270,,S3:24
CZE,LAI_INSP_SEX_NB,FF:298,SEX_F,2017,239,,S3:24
CZE,LAI_INSP_SEX_NB,FF:298,SEX_T,2018,514,,S3:24
CZE,LAI_INSP_SEX_NB,FF:298,SEX_M,2018,245,,S3:24
CZE,LAI_INSP_SEX_NB,FF:298,SEX_F,2018,269,,S3:24
CZE,LAI_INSP_SEX_NB,FF:298,SEX_T,2019,522,,S3:24
CZE,LAI_INSP_SEX_NB,FF:298,SEX_M,2019,265,,S3:24
CZE,LAI_INSP_SEX_NB,FF:298,SEX_F,2019,257,,S3:24
DEU,LAI_INSP_SEX_NB,FA:307,SEX_T,2009,6004,,S9:259
DEU,LAI_INSP_SEX_NB,FA:307,SEX_T,2010,5904,,S9:259
DEU,LAI_INSP_SEX_NB,FA:307,SEX_T,2011,5993,,S9:259
DEU,LAI_INSP_SEX_NB,FA:307,SEX_T,2013,6025,,S9:259
DEU,LAI_INSP_SEX_NB,FA:307,SEX_T,2015,6008,,S9:259
DEU,LAI_INSP_SEX_NB,FA:307,SEX_T,2016,5865,,S9:259
DEU,LAI_INSP_SEX_NB,FA:307,SEX_T,2018,5783,,
DOM,LAI_INSP_SEX_NB,FF:8,SEX_T,2009,203,,S7:57
DOM,LAI_INSP_SEX_NB,FF:8,SEX_T,2010,200,,S7:57
DOM,LAI_INSP_SEX_NB,FF:8,SEX_T,2012,185,,S7:57
DOM,LAI_INSP_SEX_NB,FF:8,SEX_M,2012,98,,S7:57
DOM,LAI_INSP_SEX_NB,FF:8,SEX_F,2012,87,,S7:57
DOM,LAI_INSP_SEX_NB,FF:8,SEX_T,2013,147,,
DOM,LAI_INSP_SEX_NB,FF:8,SEX_M,2013,79,,
DOM,LAI_INSP_SEX_NB,FF:8,SEX_F,2013,68,,
DOM,LAI_INSP_SEX_NB,FF:8,SEX_T,2014,158,,
DOM,LAI_INSP_SEX_NB,FF:8,SEX_M,2014,85,,
DOM,LAI_INSP_SEX_NB,FF:8,SEX_F,2014,73,,
ECU,LAI_INSP_SEX_NB,FX:1100,SEX_T,2011,129,,
ECU,LAI_INSP_SEX_NB,FX:1100,SEX_M,2011,63,,
ECU,LAI_INSP_SEX_NB,FX:1100,SEX_F,2011,66,,
ECU,LAI_INSP_SEX_NB,FX:1100,SEX_T,2012,169,,
ECU,LAI_INSP_SEX_NB,FX:1100,SEX_M,2012,79,,
ECU,LAI_INSP_SEX_NB,FX:1100,SEX_F,2012,90,,
ESP,LAI_INSP_SEX_NB,FF:2592,SEX_T,2011,1865,,S3:24
ESP,LAI_INSP_SEX_NB,FF:2592,SEX_M,2011,830,,S3:24
ESP,LAI_INSP_SEX_NB,FF:2592,SEX_F,2011,877,,S3:24
ESP,LAI_INSP_SEX_NB,FF:2592,SEX_T,2012,1879,,S3:24
ESP,LAI_INSP_SEX_NB,FF:2592,SEX_M,2012,791,,S3:24
ESP,LAI_INSP_SEX_NB,FF:2592,SEX_F,2012,896,,S3:24
ESP,LAI_INSP_SEX_NB,FF:2592,SEX_T,2013,1844,,
ESP,LAI_INSP_SEX_NB,FF:2592,SEX_M,2013,809,,
ESP,LAI_INSP_SEX_NB,FF:2592,SEX_F,2013,1035,,
ESP,LAI_INSP_SEX_NB,FF:2592,SEX_T,2014,1816,,S3:24
ESP,LAI_INSP_SEX_NB,FF:2592,SEX_M,2014,784,,S3:24
ESP,LAI_INSP_SEX_NB,FF:2592,SEX_F,2014,1032,,S3:24
ESP,LAI_INSP_SEX_NB,FF:2592,SEX_T,2015,1786,,S3:24
ESP,LAI_INSP_SEX_NB,FF:2592,SEX_M,2015,752,,S3:24
ESP,LAI_INSP_SEX_NB,FF:2592,SEX_F,2015,1034,,S3:24
EST,LAI_INSP_SEX_NB,FF:43,SEX_T,2009,46,,
EST,LAI_INSP_SEX_NB,FF:43,SEX_T,2010,44,,
EST,LAI_INSP_SEX_NB,FF:43,SEX_T,2011,44,,
EST,LAI_INSP_SEX_NB,FF:43,SEX_T,2012,38,,
EST,LAI_INSP_SEX_NB,FF:43,SEX_M,2012,19,,
EST,LAI_INSP_SEX_NB,FF:43,SEX_F,2012,19,,
EST,LAI_INSP_SEX_NB,FF:43,SEX_T,2013,37,,
EST,LAI_INSP_SEX_NB,FF:43,SEX_M,2013,17,,
EST,LAI_INSP_SEX_NB,FF:43,SEX_F,2013,20,,
EST,LAI_INSP_SEX_NB,FF:43,SEX_T,2014,37,,
EST,LAI_INSP_SEX_NB,FF:43,SEX_M,2014,17,,
EST,LAI_INSP_SEX_NB,FF:43,SEX_F,2014,20,,
EST,LAI_INSP_SEX_NB,FF:43,SEX_T,2015,39,,
EST,LAI_INSP_SEX_NB,FF:43,SEX_M,2015,18,,
EST,LAI_INSP_SEX_NB,FF:43,SEX_F,2015,21,,
EST,LAI_INSP_SEX_NB,FF:43,SEX_T,2017,46,,
EST,LAI_INSP_SEX_NB,FF:43,SEX_M,2017,17,,
EST,LAI_INSP_SEX_NB,FF:43,SEX_F,2017,29,,
EST,LAI_INSP_SEX_NB,FF:43,SEX_T,2018,49,,
EST,LAI_INSP_SEX_NB,FF:43,SEX_M,2018,16,,
EST,LAI_INSP_SEX_NB,FF:43,SEX_F,2018,33,,
EST,LAI_INSP_SEX_NB,FF:43,SEX_T,2019,38,,
EST,LAI_INSP_SEX_NB,FF:43,SEX_M,2019,16,,
EST,LAI_INSP_SEX_NB,FF:43,SEX_F,2019,22,,
FIN,LAI_INSP_SEX_NB,FF:5962,SEX_T,2011,311,,
FIN,LAI_INSP_SEX_NB,FF:5962,SEX_M,2011,188,,
FIN,LAI_INSP_SEX_NB,FF:5962,SEX_F,2011,123,,
FIN,LAI_INSP_SEX_NB,FF:5962,SEX_T,2012,348,,
FIN,LAI_INSP_SEX_NB,FF:5962,SEX_M,2012,200,,
FIN,LAI_INSP_SEX_NB,FF:5962,SEX_F,2012,148,,
FIN,LAI_INSP_SEX_NB,FF:5962,SEX_T,2018,315,,
FIN,LAI_INSP_SEX_NB,FF:5962,SEX_M,2018,147,,
FIN,LAI_INSP_SEX_NB,FF:5962,SEX_F,2018,167,,
FIN,LAI_INSP_SEX_NB,FX:3511,SEX_T,2013,368,,S3:24
FIN,LAI_INSP_SEX_NB,FX:3511,SEX_M,2013,199,,S3:24
FIN,LAI_INSP_SEX_NB,FX:3511,SEX_F,2013,169,,S3:24
FIN,LAI_INSP_SEX_NB,FX:3511,SEX_T,2014,368,,S3:24
FIN,LAI_INSP_SEX_NB,FX:3511,SEX_M,2014,202,,S3:24
FIN,LAI_INSP_SEX_NB,FX:3511,SEX_F,2014,166,,S3:24
FIN,LAI_INSP_SEX_NB,FX:3511,SEX_T,2015,370,,S3:24
FIN,LAI_INSP_SEX_NB,FX:3511,SEX_M,2015,204,,S3:24
FIN,LAI_INSP_SEX_NB,FX:3511,SEX_F,2015,166,,S3:24
FIN,LAI_INSP_SEX_NB,FX:3511,SEX_T,2017,429,,S3:24
FIN,LAI_INSP_SEX_NB,FX:3511,SEX_M,2017,200,,S3:24
FIN,LAI_INSP_SEX_NB,FX:3511,SEX_F,2017,229,,S3:24
FRA,LAI_INSP_SEX_NB,FX:1144,SEX_T,2013,2101,,
FRA,LAI_INSP_SEX_NB,FX:1144,SEX_M,2013,840,,
FRA,LAI_INSP_SEX_NB,FX:1144,SEX_F,2013,1261,,
FRA,LAI_INSP_SEX_NB,FX:1144,SEX_T,2014,2031,,
FRA,LAI_INSP_SEX_NB,FX:1144,SEX_M,2014,841,,
FRA,LAI_INSP_SEX_NB,FX:1144,SEX_F,2014,1190,,
GBR,LAI_INSP_SEX_NB,FA:1156,SEX_T,2011,1450,,S7:56
GBR,LAI_INSP_SEX_NB,FA:1156,SEX_M,2011,1067,,S7:56
GBR,LAI_INSP_SEX_NB,FA:1156,SEX_F,2011,383,,S7:56
GBR,LAI_INSP_SEX_NB,FA:1156,SEX_T,2012,1432,,S7:56
GBR,LAI_INSP_SEX_NB,FA:1156,SEX_M,2012,1054,,S7:56
GBR,LAI_INSP_SEX_NB,FA:1156,SEX_F,2012,378,,S7:56
GBR,LAI_INSP_SEX_NB,FA:1156,SEX_T,2013,1367,,S7:56
GBR,LAI_INSP_SEX_NB,FA:1156,SEX_M,2013,1003,,S7:56
GBR,LAI_INSP_SEX_NB,FA:1156,SEX_F,2013,364,,S7:56
GBR,LAI_INSP_SEX_NB,FA:1156,SEX_T,2014,989,,S7:56
GBR,LAI_INSP_SEX_NB,FA:1156,SEX_M,2014,681,,S7:56
GBR,LAI_INSP_SEX_NB,FA:1156,SEX_F,2014,308,,S7:56
GBR,LAI_INSP_SEX_NB,FA:1156,SEX_T,2015,1031,,S7:56
GBR,LAI_INSP_SEX_NB,FA:1156,SEX_M,2015,695,,S7:56
GBR,LAI_INSP_SEX_NB,FA:1156,SEX_F,2015,336,,S7:56
GBR,LAI_INSP_SEX_NB,FA:1156,SEX_T,2016,980,,S7:56
GBR,LAI_INSP_SEX_NB,FA:1156,SEX_M,2016,649,,S7:56
GBR,LAI_INSP_SEX_NB,FA:1156,SEX_F,2016,331,,S7:56
GBR,LAI_INSP_SEX_NB,FA:1156,SEX_T,2017,938,,S7:56
GBR,LAI_INSP_SEX_NB,FA:1156,SEX_M,2017,614,,S7:56
GBR,LAI_INSP_SEX_NB,FA:1156,SEX_F,2017,324,,S7:56
GBR,LAI_INSP_SEX_NB,FA:1156,SEX_T,2018,985,,S7:56
GBR,LAI_INSP_SEX_NB,FA:1156,SEX_M,2018,633,,S7:56
GBR,LAI_INSP_SEX_NB,FA:1156,SEX_F,2018,352,,S7:56
GEO,LAI_INSP_SEX_NB,FX:182,SEX_T,2015,23,,S4:30
GEO,LAI_INSP_SEX_NB,FX:182,SEX_M,2015,11,,S4:30
GEO,LAI_INSP_SEX_NB,FX:182,SEX_F,2015,12,,S4:30
GEO,LAI_INSP_SEX_NB,FX:182,SEX_T,2019,33,,S4:30
GEO,LAI_INSP_SEX_NB,FX:182,SEX_M,2019,19,,S4:30
GEO,LAI_INSP_SEX_NB,FX:182,SEX_F,2019,14,,S4:30
GIN,LAI_INSP_SEX_NB,FF:425,SEX_T,2009,28,,S6:48
GIN,LAI_INSP_SEX_NB,FF:425,SEX_T,2010,28,,S6:48
HKG,LAI_INSP_SEX_NB,FF:233,SEX_T,2014,186,,S3:24_S4:1437
HKG,LAI_INSP_SEX_NB,FF:233,SEX_M,2014,104,,S3:24_S4:1437
HKG,LAI_INSP_SEX_NB,FF:233,SEX_F,2014,82,,S3:24_S4:1437
HKG,LAI_INSP_SEX_NB,FX:235,SEX_T,2009,170,,
HKG,LAI_INSP_SEX_NB,FX:235,SEX_T,2010,169,,
HKG,LAI_INSP_SEX_NB,FX:235,SEX_T,2011,181,,
HKG,LAI_INSP_SEX_NB,FX:235,SEX_M,2011,102,,
HKG,LAI_INSP_SEX_NB,FX:235,SEX_F,2011,79,,
HKG,LAI_INSP_SEX_NB,FX:235,SEX_T,2012,196,,
HKG,LAI_INSP_SEX_NB,FX:235,SEX_M,2012,109,,
HKG,LAI_INSP_SEX_NB,FX:235,SEX_F,2012,87,,
HKG,LAI_INSP_SEX_NB,FX:235,SEX_T,2013,193,,
HKG,LAI_INSP_SEX_NB,FX:235,SEX_M,2013,110,,
HKG,LAI_INSP_SEX_NB,FX:235,SEX_F,2013,83,,
HRV,LAI_INSP_SEX_NB,FF:2576,SEX_T,2011,252,,S3:24
HRV,LAI_INSP_SEX_NB,FF:2576,SEX_T,2012,242,,S3:24
HRV,LAI_INSP_SEX_NB,FF:2576,SEX_T,2014,212,,S3:24
HRV,LAI_INSP_SEX_NB,FF:2576,SEX_M,2014,107,,S3:24
HRV,LAI_INSP_SEX_NB,FF:2576,SEX_F,2014,105,,S3:24
HRV,LAI_INSP_SEX_NB,FF:2576,SEX_T,2015,224,,S3:24
HRV,LAI_INSP_SEX_NB,FF:2576,SEX_M,2015,106,,S3:24
HRV,LAI_INSP_SEX_NB,FF:2576,SEX_F,2015,118,,S3:24
HRV,LAI_INSP_SEX_NB,FF:2576,SEX_T,2016,226,,S3:24
HRV,LAI_INSP_SEX_NB,FF:2576,SEX_M,2016,108,,S3:24
HRV,LAI_INSP_SEX_NB,FF:2576,SEX_F,2016,118,,S3:24
HRV,LAI_INSP_SEX_NB,FF:2576,SEX_T,2017,229,,S3:24
HRV,LAI_INSP_SEX_NB,FF:2576,SEX_M,2017,108,,S3:24
HRV,LAI_INSP_SEX_NB,FF:2576,SEX_F,2017,121,,S3:24
HRV,LAI_INSP_SEX_NB,FF:2576,SEX_T,2018,228,,S14:4077_S3:24
HRV,LAI_INSP_SEX_NB,FF:2576,SEX_M,2018,109,,S14:4077_S3:24
HRV,LAI_INSP_SEX_NB,FF:2576,SEX_F,2018,119,,S14:4077_S3:24
HRV,LAI_INSP_SEX_NB,FF:2576,SEX_T,2019,228,,S3:24
HRV,LAI_INSP_SEX_NB,FF:2576,SEX_M,2019,112,,S3:24
HRV,LAI_INSP_SEX_NB,FF:2576,SEX_F,2019,116,,S3:24
HUN,LAI_INSP_SEX_NB,FF:726,SEX_T,2009,355,,S3:24
HUN,LAI_INSP_SEX_NB,FF:726,SEX_T,2010,380,,S3:24
HUN,LAI_INSP_SEX_NB,FF:726,SEX_T,2011,273,,S3:24
HUN,LAI_INSP_SEX_NB,FF:726,SEX_M,2011,138,,S3:24
HUN,LAI_INSP_SEX_NB,FF:726,SEX_F,2011,135,,S3:24
HUN,LAI_INSP_SEX_NB,FF:726,SEX_T,2012,247,,S3:24
HUN,LAI_INSP_SEX_NB,FF:726,SEX_M,2012,118,,S3:24
HUN,LAI_INSP_SEX_NB,FF:726,SEX_F,2012,129,,S3:24
HUN,LAI_INSP_SEX_NB,FF:726,SEX_T,2014,380,,S3:24
HUN,LAI_INSP_SEX_NB,FF:726,SEX_M,2014,208,,S3:24
HUN,LAI_INSP_SEX_NB,FF:726,SEX_F,2014,172,,S3:24
HUN,LAI_INSP_SEX_NB,FF:726,SEX_T,2015,383,,
HUN,LAI_INSP_SEX_NB,FF:726,SEX_M,2015,213,,
HUN,LAI_INSP_SEX_NB,FF:726,SEX_F,2015,170,,
HUN,LAI_INSP_SEX_NB,FF:726,SEX_T,2017,367,,
HUN,LAI_INSP_SEX_NB,FF:726,SEX_M,2017,187,,
HUN,LAI_INSP_SEX_NB,FF:726,SEX_F,2017,180,,
HUN,LAI_INSP_SEX_NB,FF:726,SEX_T,2018,374,,
HUN,LAI_INSP_SEX_NB,FF:726,SEX_M,2018,192,,
HUN,LAI_INSP_SEX_NB,FF:726,SEX_F,2018,182,,
IMN,LAI_INSP_SEX_NB,FF:1251,SEX_T,2013,4,,
IMN,LAI_INSP_SEX_NB,FF:1251,SEX_M,2013,3,,
IMN,LAI_INSP_SEX_NB,FF:1251,SEX_F,2013,1,,
IRL,LAI_INSP_SEX_NB,FX:409,SEX_T,2009,71,,S3:24
IRL,LAI_INSP_SEX_NB,FX:409,SEX_T,2010,66,,S3:24
IRL,LAI_INSP_SEX_NB,FX:409,SEX_T,2011,61,,S3:24
IRL,LAI_INSP_SEX_NB,FX:409,SEX_M,2011,31,,S3:24
IRL,LAI_INSP_SEX_NB,FX:409,SEX_F,2011,30,,S3:24
IRL,LAI_INSP_SEX_NB,FX:409,SEX_T,2012,58,,S3:24
IRL,LAI_INSP_SEX_NB,FX:409,SEX_M,2012,30,,S3:24
IRL,LAI_INSP_SEX_NB,FX:409,SEX_F,2012,28,,S3:24
IRL,LAI_INSP_SEX_NB,FX:409,SEX_T,2013,58,,S3:24
IRL,LAI_INSP_SEX_NB,FX:409,SEX_M,2013,27,,S3:24
IRL,LAI_INSP_SEX_NB,FX:409,SEX_F,2013,31,,S3:24
IRL,LAI_INSP_SEX_NB,FX:409,SEX_T,2014,57,,S3:24
IRL,LAI_INSP_SEX_NB,FX:409,SEX_M,2014,26,,S3:24
IRL,LAI_INSP_SEX_NB,FX:409,SEX_F,2014,31,,S3:24
IRL,LAI_INSP_SEX_NB,FX:409,SEX_T,2015,57,,S3:24
IRL,LAI_INSP_SEX_NB,FX:409,SEX_M,2015,26,,S3:24
IRL,LAI_INSP_SEX_NB,FX:409,SEX_F,2015,31,,S3:24
IRL,LAI_INSP_SEX_NB,FX:409,SEX_T,2017,56,,S3:24
IRL,LAI_INSP_SEX_NB,FX:409,SEX_M,2017,23,,S3:24
IRL,LAI_INSP_SEX_NB,FX:409,SEX_F,2017,33,,S3:24
IRL,LAI_INSP_SEX_NB,FX:409,SEX_T,2018,58,,S3:24
IRL,LAI_INSP_SEX_NB,FX:409,SEX_T,2019,55,,S3:24
ISR,LAI_INSP_SEX_NB,FF:710,SEX_T,2009,110,,S3:24
ISR,LAI_INSP_SEX_NB,FF:710,SEX_T,2010,126,,S3:24
ISR,LAI_INSP_SEX_NB,FF:710,SEX_T,2011,147,,S3:24
ISR,LAI_INSP_SEX_NB,FF:710,SEX_T,2012,215,,S3:24
ISR,LAI_INSP_SEX_NB,FF:710,SEX_T,2013,277,,S3:24
ISR,LAI_INSP_SEX_NB,FF:710,SEX_M,2013,135,,S3:24
ISR,LAI_INSP_SEX_NB,FF:710,SEX_F,2013,142,,S3:24
ISR,LAI_INSP_SEX_NB,FF:710,SEX_T,2014,280,,S3:24
ISR,LAI_INSP_SEX_NB,FF:710,SEX_M,2014,142,,S3:24
ISR,LAI_INSP_SEX_NB,FF:710,SEX_F,2014,138,,S3:24
ISR,LAI_INSP_SEX_NB,FF:710,SEX_T,2015,278,,S3:24
ISR,LAI_INSP_SEX_NB,FF:710,SEX_M,2015,145,,S3:24
ISR,LAI_INSP_SEX_NB,FF:710,SEX_F,2015,133,,S3:24
ISR,LAI_INSP_SEX_NB,FF:710,SEX_T,2017,316,,S3:24
ISR,LAI_INSP_SEX_NB,FF:710,SEX_M,2017,178,,S3:24
ISR,LAI_INSP_SEX_NB,FF:710,SEX_F,2017,138,,S3:24
ISR,LAI_INSP_SEX_NB,FF:710,SEX_T,2018,260,,S3:24
ISR,LAI_INSP_SEX_NB,FF:710,SEX_M,2018,103,,S3:24
ISR,LAI_INSP_SEX_NB,FF:710,SEX_F,2018,123,,S3:24
ISR,LAI_INSP_SEX_NB,FF:710,SEX_T,2019,339,,S3:24
ISR,LAI_INSP_SEX_NB,FF:710,SEX_M,2019,81,,S3:24
ISR,LAI_INSP_SEX_NB,FF:710,SEX_F,2019,118,,S3:24
JPN,LAI_INSP_SEX_NB,FF:264,SEX_T,2010,2817,,S3:24
JPN,LAI_INSP_SEX_NB,FF:264,SEX_T,2011,2851,,S3:24
JPN,LAI_INSP_SEX_NB,FF:264,SEX_T,2012,2863,,S3:24
JPN,LAI_INSP_SEX_NB,FF:264,SEX_T,2013,2880,,S3:24
JPN,LAI_INSP_SEX_NB,FF:264,SEX_T,2014,2889,,S3:24
JPN,LAI_INSP_SEX_NB,FF:264,SEX_T,2015,2901,,S3:24
JPN,LAI_INSP_SEX_NB,FF:264,SEX_T,2016,2923,,S3:24
JPN,LAI_INSP_SEX_NB,FF:264,SEX_T,2017,2978,,S3:24
JPN,LAI_INSP_SEX_NB,FF:264,SEX_T,2018,2991,,S3:24
JPN,LAI_INSP_SEX_NB,FF:264,SEX_T,2019,3013,,S3:24
KOR,LAI_INSP_SEX_NB,FX:227,SEX_T,2015,1465,,S3:24
KOR,LAI_INSP_SEX_NB,FX:227,SEX_M,2015,1061,,S3:24
KOR,LAI_INSP_SEX_NB,FX:227,SEX_F,2015,404,,S3:24
KOR,LAI_INSP_SEX_NB,FX:601,SEX_T,2009,1606,,S3:24
KOR,LAI_INSP_SEX_NB,FX:601,SEX_T,2010,1619,,S3:24
KOR,LAI_INSP_SEX_NB,FX:601,SEX_T,2013,1080,,S3:24
KOR,LAI_INSP_SEX_NB,FX:601,SEX_M,2013,759,,S3:24
KOR,LAI_INSP_SEX_NB,FX:601,SEX_F,2013,321,,S3:24
KOR,LAI_INSP_SEX_NB,FX:601,SEX_T,2014,1143,,S3:24
KOR,LAI_INSP_SEX_NB,FX:601,SEX_M,2014,759,,S3:24
KOR,LAI_INSP_SEX_NB,FX:601,SEX_F,2014,384,,S3:24
KOR,LAI_INSP_SEX_NB,FX:601,SEX_T,2017,1278,,S3:24
KOR,LAI_INSP_SEX_NB,FX:601,SEX_M,2017,846,,S3:24
KOR,LAI_INSP_SEX_NB,FX:601,SEX_F,2017,432,,S3:24
KOR,LAI_INSP_SEX_NB,FX:601,SEX_T,2018,1894,,S3:24
KOR,LAI_INSP_SEX_NB,FX:601,SEX_M,2018,1216,,S3:24
KOR,LAI_INSP_SEX_NB,FX:601,SEX_F,2018,678,,S3:24
KOR,LAI_INSP_SEX_NB,FX:601,SEX_T,2019,2457,,S3:24
KOR,LAI_INSP_SEX_NB,FX:601,SEX_M,2019,1466,,S3:24
KOR,LAI_INSP_SEX_NB,FX:601,SEX_F,2019,991,,S3:24
LAO,LAI_INSP_SEX_NB,BA:6651,SEX_T,2009,184,,S4:34_S5:38
LAO,LAI_INSP_SEX_NB,BA:6651,SEX_T,2010,188,,S4:34_S5:38
LKA,LAI_INSP_SEX_NB,FF:197,SEX_T,2011,480,,S3:24_S7:57
LKA,LAI_INSP_SEX_NB,FF:197,SEX_M,2011,321,,S3:24_S7:57
LKA,LAI_INSP_SEX_NB,FF:197,SEX_F,2011,159,,S3:24_S7:57
LKA,LAI_INSP_SEX_NB,FF:197,SEX_T,2012,464,,S3:24_S7:57
LKA,LAI_INSP_SEX_NB,FF:197,SEX_M,2012,306,,S3:24_S7:57
LKA,LAI_INSP_SEX_NB,FF:197,SEX_F,2012,158,,S3:24_S7:57
LKA,LAI_INSP_SEX_NB,FF:197,SEX_T,2013,465,,S3:24_S7:57
LKA,LAI_INSP_SEX_NB,FF:197,SEX_M,2013,310,,S3:24_S7:57
LKA,LAI_INSP_SEX_NB,FF:197,SEX_F,2013,155,,S3:24_S7:57
LKA,LAI_INSP_SEX_NB,FF:197,SEX_T,2014,447,,S3:24
LKA,LAI_INSP_SEX_NB,FF:197,SEX_M,2014,281,,S3:24
LKA,LAI_INSP_SEX_NB,FF:197,SEX_F,2014,166,,S3:24
LKA,LAI_INSP_SEX_NB,FF:197,SEX_T,2016,356,,S3:24
LKA,LAI_INSP_SEX_NB,FF:197,SEX_M,2016,231,,S3:24
LKA,LAI_INSP_SEX_NB,FF:197,SEX_F,2016,125,,S3:24
LKA,LAI_INSP_SEX_NB,FF:197,SEX_T,2017,519,,S3:24
LKA,LAI_INSP_SEX_NB,FF:197,SEX_M,2017,276,,S3:24
LKA,LAI_INSP_SEX_NB,FF:197,SEX_F,2017,243,,S3:24
LKA,LAI_INSP_SEX_NB,FF:197,SEX_T,2018,507,,S3:24
LKA,LAI_INSP_SEX_NB,FF:197,SEX_M,2018,272,,S3:24
LKA,LAI_INSP_SEX_NB,FF:197,SEX_F,2018,235,,S3:24
LKA,LAI_INSP_SEX_NB,FF:197,SEX_T,2019,493,,S3:24
LKA,LAI_INSP_SEX_NB,FF:197,SEX_M,2019,267,,S3:24
LKA,LAI_INSP_SEX_NB,FF:197,SEX_F,2019,226,,S3:24
LTU,LAI_INSP_SEX_NB,FF:313,SEX_T,2009,208,,
LTU,LAI_INSP_SEX_NB,FF:313,SEX_T,2010,199,,
LTU,LAI_INSP_SEX_NB,FF:313,SEX_T,2013,193,,
LTU,LAI_INSP_SEX_NB,FF:313,SEX_M,2013,102,,
LTU,LAI_INSP_SEX_NB,FF:313,SEX_F,2013,91,,
LVA,LAI_INSP_SEX_NB,FF:6340,SEX_T,2011,111,,S3:24
LVA,LAI_INSP_SEX_NB,FF:6340,SEX_M,2011,42,,S3:24
LVA,LAI_INSP_SEX_NB,FF:6340,SEX_F,2011,69,,S3:24
LVA,LAI_INSP_SEX_NB,FF:6340,SEX_T,2012,112,,S3:24
LVA,LAI_INSP_SEX_NB,FF:6340,SEX_M,2012,37,,S3:24
LVA,LAI_INSP_SEX_NB,FF:6340,SEX_F,2012,75,,S3:24
LVA,LAI_INSP_SEX_NB,FF:6340,SEX_T,2013,107,,S3:24
LVA,LAI_INSP_SEX_NB,FF:6340,SEX_M,2013,40,,S3:24
LVA,LAI_INSP_SEX_NB,FF:6340,SEX_F,2013,67,,S3:24
LVA,LAI_INSP_SEX_NB,FF:6340,SEX_T,2018,106,,S3:24
LVA,LAI_INSP_SEX_NB,FF:6340,SEX_M,2018,27,,S3:24
LVA,LAI_INSP_SEX_NB,FF:6340,SEX_F,2018,79,,S3:24
LVA,LAI_INSP_SEX_NB,FF:6340,SEX_T,2019,97,,S3:24
LVA,LAI_INSP_SEX_NB,FF:6340,SEX_M,2019,22,,S3:24
LVA,LAI_INSP_SEX_NB,FF:6340,SEX_F,2019,75,,S3:24
MAC,LAI_INSP_SEX_NB,FF:243,SEX_T,2009,790,,S4:35
MAC,LAI_INSP_SEX_NB,FF:243,SEX_T,2010,870,,S4:35
MAC,LAI_INSP_SEX_NB,FF:243,SEX_T,2011,114,,
MAC,LAI_INSP_SEX_NB,FF:243,SEX_M,2011,65,,
MAC,LAI_INSP_SEX_NB,FF:243,SEX_F,2011,49,,
MAC,LAI_INSP_SEX_NB,FF:243,SEX_T,2012,142,,
MAC,LAI_INSP_SEX_NB,FF:243,SEX_M,2012,77,,
MAC,LAI_INSP_SEX_NB,FF:243,SEX_F,2012,65,,
MAC,LAI_INSP_SEX_NB,FF:243,SEX_T,2013,133,,
MAC,LAI_INSP_SEX_NB,FF:243,SEX_M,2013,69,,
MAC,LAI_INSP_SEX_NB,FF:243,SEX_F,2013,64,,
MAC,LAI_INSP_SEX_NB,FF:243,SEX_T,2014,130,,S4:34
MAC,LAI_INSP_SEX_NB,FF:243,SEX_M,2014,68,,S4:34
MAC,LAI_INSP_SEX_NB,FF:243,SEX_F,2014,62,,S4:34
MAC,LAI_INSP_SEX_NB,FF:243,SEX_T,2015,105,,S3:24_S7:57
MAC,LAI_INSP_SEX_NB,FF:243,SEX_M,2015,47,,S3:24_S7:57
MAC,LAI_INSP_SEX_NB,FF:243,SEX_F,2015,58,,S3:24_S7:57
MAR,LAI_INSP_SEX_NB,FX:618,SEX_T,2009,496,,
MAR,LAI_INSP_SEX_NB,FX:618,SEX_T,2010,496,,
MCO,LAI_INSP_SEX_NB,FA:7390,SEX_T,2014,3,,S3:23
MCO,LAI_INSP_SEX_NB,FA:7390,SEX_M,2014,2,,S3:23
MCO,LAI_INSP_SEX_NB,FA:7390,SEX_F,2014,1,,S3:23
MCO,LAI_INSP_SEX_NB,FA:7390,SEX_T,2015,3,,S3:23
MCO,LAI_INSP_SEX_NB,FA:7390,SEX_M,2015,2,,S3:23
MCO,LAI_INSP_SEX_NB,FA:7390,SEX_F,2015,1,,S3:23
MDA,LAI_INSP_SEX_NB,FF:577,SEX_T,2009,93,,S3:24_S4:34
MDA,LAI_INSP_SEX_NB,FF:577,SEX_T,2010,93,,S3:24_S4:34
MDA,LAI_INSP_SEX_NB,FF:577,SEX_T,2013,94,,S3:24_S4:34
MDA,LAI_INSP_SEX_NB,FF:577,SEX_M,2013,81,,S3:24_S4:34
MDA,LAI_INSP_SEX_NB,FF:577,SEX_F,2013,13,,S3:24_S4:34
MDA,LAI_INSP_SEX_NB,FF:577,SEX_T,2014,87,,S3:24_S4:34
MDA,LAI_INSP_SEX_NB,FF:577,SEX_M,2014,75,,S3:24_S4:34
MDA,LAI_INSP_SEX_NB,FF:577,SEX_F,2014,12,,S3:24_S4:34
MDA,LAI_INSP_SEX_NB,FF:577,SEX_T,2015,83,,S4:34
MDA,LAI_INSP_SEX_NB,FF:577,SEX_M,2015,72,,S4:34
MDA,LAI_INSP_SEX_NB,FF:577,SEX_F,2015,11,,S4:34
MDA,LAI_INSP_SEX_NB,FF:577,SEX_T,2016,77,,S4:34
MDA,LAI_INSP_SEX_NB,FF:577,SEX_M,2016,66,,S4:34
MDA,LAI_INSP_SEX_NB,FF:577,SEX_F,2016,11,,S4:34
MDA,LAI_INSP_SEX_NB,FF:577,SEX_T,2017,73,,S4:34
MDA,LAI_INSP_SEX_NB,FF:577,SEX_M,2017,59,,S4:34
MDA,LAI_INSP_SEX_NB,FF:577,SEX_F,2017,14,,S4:34
MDA,LAI_INSP_SEX_NB,FF:577,SEX_T,2018,61,,S4:34
MDA,LAI_INSP_SEX_NB,FF:577,SEX_M,2018,46,,S4:34
MDA,LAI_INSP_SEX_NB,FF:577,SEX_F,2018,15,,S4:34
MDA,LAI_INSP_SEX_NB,FF:577,SEX_T,2019,42,,S4:34
MDA,LAI_INSP_SEX_NB,FF:577,SEX_M,2019,32,,S4:34
MDA,LAI_INSP_SEX_NB,FF:577,SEX_F,2019,10,,S4:34
MEX,LAI_INSP_SEX_NB,FX:466,SEX_T,2009,294,,S3:24_S7:1487
MEX,LAI_INSP_SEX_NB,FX:466,SEX_M,2009,233,,S3:24_S7:1487
MEX,LAI_INSP_SEX_NB,FX:466,SEX_F,2009,61,,S3:24_S7:1487
MEX,LAI_INSP_SEX_NB,FX:466,SEX_T,2010,340,,S3:24_S7:1487
MEX,LAI_INSP_SEX_NB,FX:466,SEX_M,2010,269,,S3:24_S7:1487
MEX,LAI_INSP_SEX_NB,FX:466,SEX_F,2010,71,,S3:24_S7:1487
MEX,LAI_INSP_SEX_NB,FX:466,SEX_T,2011,354,,S3:24_S7:1487
MEX,LAI_INSP_SEX_NB,FX:466,SEX_M,2011,270,,S3:24_S7:1487
MEX,LAI_INSP_SEX_NB,FX:466,SEX_F,2011,84,,S3:24_S7:1487
MEX,LAI_INSP_SEX_NB,FX:466,SEX_T,2012,553,,S3:24_S7:1487
MEX,LAI_INSP_SEX_NB,FX:466,SEX_M,2012,387,,S3:24_S7:1487
MEX,LAI_INSP_SEX_NB,FX:466,SEX_F,2012,166,,S3:24_S7:1487
MEX,LAI_INSP_SEX_NB,FX:466,SEX_T,2013,845,,S3:24_S7:1487
MEX,LAI_INSP_SEX_NB,FX:466,SEX_M,2013,578,,S3:24_S7:1487
MEX,LAI_INSP_SEX_NB,FX:466,SEX_F,2013,267,,S3:24_S7:1487
MEX,LAI_INSP_SEX_NB,FX:466,SEX_T,2014,830,,S3:24_S7:1487
MEX,LAI_INSP_SEX_NB,FX:466,SEX_M,2014,563,,S3:24_S7:1487
MEX,LAI_INSP_SEX_NB,FX:466,SEX_F,2014,267,,S3:24_S7:1487
MEX,LAI_INSP_SEX_NB,FX:466,SEX_T,2015,800,,S3:24_S7:1487
MEX,LAI_INSP_SEX_NB,FX:466,SEX_M,2015,546,,S3:24_S7:1487
MEX,LAI_INSP_SEX_NB,FX:466,SEX_F,2015,254,,S3:24_S7:1487
MEX,LAI_INSP_SEX_NB,FX:466,SEX_T,2016,764,,S3:24_S7:1487
MEX,LAI_INSP_SEX_NB,FX:466,SEX_M,2016,522,,S3:24_S7:1487
MEX,LAI_INSP_SEX_NB,FX:466,SEX_F,2016,242,,S3:24_S7:1487
MEX,LAI_INSP_SEX_NB,FX:466,SEX_T,2017,745,,S3:24_S7:1487
MEX,LAI_INSP_SEX_NB,FX:466,SEX_M,2017,507,,S3:24_S7:1487
MEX,LAI_INSP_SEX_NB,FX:466,SEX_F,2017,238,,S3:24_S7:1487
MEX,LAI_INSP_SEX_NB,FX:466,SEX_T,2018,723,,S3:24_S7:1487
MEX,LAI_INSP_SEX_NB,FX:466,SEX_M,2018,490,,S3:24_S7:1487
MEX,LAI_INSP_SEX_NB,FX:466,SEX_F,2018,233,,S3:24_S7:1487
MKD,LAI_INSP_SEX_NB,FX:3520,SEX_T,2018,129,,
MKD,LAI_INSP_SEX_NB,FX:3520,SEX_M,2018,50,,
MKD,LAI_INSP_SEX_NB,FX:3520,SEX_F,2018,79,,
MLT,LAI_INSP_SEX_NB,FX:344,SEX_T,2009,5,,
MLT,LAI_INSP_SEX_NB,FX:344,SEX_T,2010,4,,
MLT,LAI_INSP_SEX_NB,FX:344,SEX_T,2011,3,,
MLT,LAI_INSP_SEX_NB,FX:344,SEX_M,2011,3,,
MLT,LAI_INSP_SEX_NB,FX:344,SEX_F,2011,0,,
MLT,LAI_INSP_SEX_NB,FX:344,SEX_T,2012,5,,
MLT,LAI_INSP_SEX_NB,FX:344,SEX_M,2012,4,,
MLT,LAI_INSP_SEX_NB,FX:344,SEX_F,2012,1,,
MMR,LAI_INSP_SEX_NB,FF:1425,SEX_T,2009,57,,S14:3359_S3:26
MMR,LAI_INSP_SEX_NB,FF:1425,SEX_T,2010,57,,S14:3359_S3:26
MMR,LAI_INSP_SEX_NB,FF:1425,SEX_T,2011,56,,S14:3359_S3:26
MMR,LAI_INSP_SEX_NB,FF:1425,SEX_M,2011,36,,S14:3359_S3:26
MMR,LAI_INSP_SEX_NB,FF:1425,SEX_F,2011,20,,S14:3359_S3:26
MMR,LAI_INSP_SEX_NB,FF:1425,SEX_T,2012,66,,S14:3359_S3:26
MMR,LAI_INSP_SEX_NB,FF:1425,SEX_M,2012,41,,S14:3359_S3:26
MMR,LAI_INSP_SEX_NB,FF:1425,SEX_F,2012,25,,S14:3359_S3:26
MMR,LAI_INSP_SEX_NB,FF:1425,SEX_T,2013,70,,S14:3359_S3:26
MMR,LAI_INSP_SEX_NB,FF:1425,SEX_M,2013,41,,S14:3359_S3:26
MMR,LAI_INSP_SEX_NB,FF:1425,SEX_F,2013,29,,S14:3359_S3:26
MMR,LAI_INSP_SEX_NB,FF:1425,SEX_T,2014,130,,S14:3359_S3:26
MMR,LAI_INSP_SEX_NB,FF:1425,SEX_M,2014,55,,S14:3359_S3:26
MMR,LAI_INSP_SEX_NB,FF:1425,SEX_F,2014,75,,S14:3359_S3:26
MMR,LAI_INSP_SEX_NB,FF:1425,SEX_T,2015,184,,S14:3359_S3:26
MMR,LAI_INSP_SEX_NB,FF:1425,SEX_M,2015,60,,S14:3359_S3:26
MMR,LAI_INSP_SEX_NB,FF:1425,SEX_F,2015,124,,S14:3359_S3:26
MMR,LAI_INSP_SEX_NB,FF:1425,SEX_T,2016,174,,S14:3359_S3:26
MMR,LAI_INSP_SEX_NB,FF:1425,SEX_M,2016,54,,S14:3359_S3:26
MMR,LAI_INSP_SEX_NB,FF:1425,SEX_F,2016,120,,S14:3359_S3:26
MMR,LAI_INSP_SEX_NB,FF:1425,SEX_T,2017,166,,S14:3359_S3:26
MMR,LAI_INSP_SEX_NB,FF:1425,SEX_M,2017,50,,S14:3359_S3:26
MMR,LAI_INSP_SEX_NB,FF:1425,SEX_F,2017,116,,S14:3359_S3:26
MMR,LAI_INSP_SEX_NB,FF:1425,SEX_T,2018,87,,S14:3359_S3:26
MMR,LAI_INSP_SEX_NB,FF:1425,SEX_M,2018,15,,S14:3359_S3:26
MMR,LAI_INSP_SEX_NB,FF:1425,SEX_F,2018,72,,S14:3359_S3:26
MMR,LAI_INSP_SEX_NB,FF:1425,SEX_T,2019,61,,S3:26
MMR,LAI_INSP_SEX_NB,FF:1425,SEX_M,2019,7,,S3:26
MMR,LAI_INSP_SEX_NB,FF:1425,SEX_F,2019,54,,S3:26
MNG,LAI_INSP_SEX_NB,EA:1429,SEX_T,2013,64,,S14:4077_S4:30
MNG,LAI_INSP_SEX_NB,EA:1429,SEX_M,2013,31,,S14:4077_S4:30
MNG,LAI_INSP_SEX_NB,EA:1429,SEX_F,2013,33,,S14:4077_S4:30
MNG,LAI_INSP_SEX_NB,EA:1429,SEX_T,2014,64,,S14:4077_S4:30
MNG,LAI_INSP_SEX_NB,EA:1429,SEX_M,2014,31,,S14:4077_S4:30
MNG,LAI_INSP_SEX_NB,EA:1429,SEX_F,2014,33,,S14:4077_S4:30
MNG,LAI_INSP_SEX_NB,EA:1429,SEX_T,2015,65,,S14:4077_S4:30
MNG,LAI_INSP_SEX_NB,EA:1429,SEX_M,2015,31,,S14:4077_S4:30
MNG,LAI_INSP_SEX_NB,EA:1429,SEX_F,2015,34,,S14:4077_S4:30
MNG,LAI_INSP_SEX_NB,EA:1429,SEX_T,2016,65,,S14:4077_S4:30
MNG,LAI_INSP_SEX_NB,EA:1429,SEX_M,2016,31,,S14:4077_S4:30
MNG,LAI_INSP_SEX_NB,EA:1429,SEX_F,2016,34,,S14:4077_S4:30
MNG,LAI_INSP_SEX_NB,EA:1429,SEX_T,2017,66,,S14:4077_S4:30
MNG,LAI_INSP_SEX_NB,EA:1429,SEX_M,2017,32,,S14:4077_S4:30
MNG,LAI_INSP_SEX_NB,EA:1429,SEX_F,2017,34,,S14:4077_S4:30
MNG,LAI_INSP_SEX_NB,EA:1429,SEX_T,2018,66,,S14:4077_S4:30
MNG,LAI_INSP_SEX_NB,EA:1429,SEX_M,2018,31,,S14:4077_S4:30
MNG,LAI_INSP_SEX_NB,EA:1429,SEX_F,2018,35,,S14:4077_S4:30
MNG,LAI_INSP_SEX_NB,EA:1429,SEX_T,2019,70,,S4:30
MNG,LAI_INSP_SEX_NB,EA:1429,SEX_M,2019,36,,S4:30
MNG,LAI_INSP_SEX_NB,EA:1429,SEX_F,2019,34,,S4:30
MUS,LAI_INSP_SEX_NB,FI:81,SEX_T,2011,41,,S3:24_S4:30
MUS,LAI_INSP_SEX_NB,FI:81,SEX_M,2011,24,,S3:24_S4:30
MUS,LAI_INSP_SEX_NB,FI:81,SEX_F,2011,17,,S3:24_S4:30
MUS,LAI_INSP_SEX_NB,FI:81,SEX_T,2012,42,,S3:24_S4:30
MUS,LAI_INSP_SEX_NB,FI:81,SEX_M,2012,25,,S3:24_S4:30
MUS,LAI_INSP_SEX_NB,FI:81,SEX_F,2012,17,,S3:24_S4:30
MUS,LAI_INSP_SEX_NB,FI:81,SEX_T,2015,60,,S3:24_S4:30
MUS,LAI_INSP_SEX_NB,FI:81,SEX_M,2015,29,,S3:24_S4:30
MUS,LAI_INSP_SEX_NB,FI:81,SEX_F,2015,31,,S3:24_S4:30
MUS,LAI_INSP_SEX_NB,FI:81,SEX_T,2018,129,,S6:48
MUS,LAI_INSP_SEX_NB,FI:81,SEX_M,2018,50,,S6:48
MUS,LAI_INSP_SEX_NB,FI:81,SEX_F,2018,79,,S6:48
MYS,LAI_INSP_SEX_NB,FX:3523,SEX_T,2008,366,,S3:24_S7:57
MYS,LAI_INSP_SEX_NB,FX:3523,SEX_M,2008,194,,S3:24_S7:57
MYS,LAI_INSP_SEX_NB,FX:3523,SEX_F,2008,172,,S3:24_S7:57
MYS,LAI_INSP_SEX_NB,FX:3523,SEX_T,2009,402,,S3:24_S7:57
MYS,LAI_INSP_SEX_NB,FX:3523,SEX_M,2009,202,,S3:24_S7:57
MYS,LAI_INSP_SEX_NB,FX:3523,SEX_F,2009,200,,S3:24_S7:57
MYS,LAI_INSP_SEX_NB,FX:3523,SEX_T,2010,444,,S3:24_S7:57
MYS,LAI_INSP_SEX_NB,FX:3523,SEX_M,2010,222,,S3:24_S7:57
MYS,LAI_INSP_SEX_NB,FX:3523,SEX_F,2010,222,,S3:24_S7:57
MYS,LAI_INSP_SEX_NB,FX:3523,SEX_T,2011,420,,S3:24_S7:57
MYS,LAI_INSP_SEX_NB,FX:3523,SEX_M,2011,200,,S3:24_S7:57
MYS,LAI_INSP_SEX_NB,FX:3523,SEX_F,2011,220,,S3:24_S7:57
MYS,LAI_INSP_SEX_NB,FX:3523,SEX_T,2012,404,,S3:24_S7:57
MYS,LAI_INSP_SEX_NB,FX:3523,SEX_M,2012,127,,S3:24_S7:57
MYS,LAI_INSP_SEX_NB,FX:3523,SEX_F,2012,277,,S3:24_S7:57
MYS,LAI_INSP_SEX_NB,FX:3523,SEX_T,2013,466,,S3:24_S7:57
MYS,LAI_INSP_SEX_NB,FX:3523,SEX_M,2013,202,,S3:24_S7:57
MYS,LAI_INSP_SEX_NB,FX:3523,SEX_F,2013,264,,S3:24_S7:57
MYS,LAI_INSP_SEX_NB,FX:3523,SEX_T,2014,500,,S3:24_S7:57
MYS,LAI_INSP_SEX_NB,FX:3523,SEX_M,2014,212,,S3:24_S7:57
MYS,LAI_INSP_SEX_NB,FX:3523,SEX_F,2014,288,,S3:24_S7:57
MYS,LAI_INSP_SEX_NB,FX:3523,SEX_T,2015,459,,S3:24_S7:57
MYS,LAI_INSP_SEX_NB,FX:3523,SEX_M,2015,212,,S3:24_S7:57
MYS,LAI_INSP_SEX_NB,FX:3523,SEX_F,2015,247,,S3:24_S7:57
MYS,LAI_INSP_SEX_NB,FX:3523,SEX_T,2016,426,,S3:24_S7:57
MYS,LAI_INSP_SEX_NB,FX:3523,SEX_M,2016,185,,S3:24_S7:57
MYS,LAI_INSP_SEX_NB,FX:3523,SEX_F,2016,241,,S3:24_S7:57
MYS,LAI_INSP_SEX_NB,FX:3523,SEX_T,2017,439,,S3:24_S7:57
MYS,LAI_INSP_SEX_NB,FX:3523,SEX_M,2017,204,,S3:24_S7:57
MYS,LAI_INSP_SEX_NB,FX:3523,SEX_F,2017,235,,S3:24_S7:57
MYS,LAI_INSP_SEX_NB,FX:3523,SEX_T,2018,444,,S3:24_S7:57
MYS,LAI_INSP_SEX_NB,FX:3523,SEX_M,2018,190,,S3:24_S7:57
MYS,LAI_INSP_SEX_NB,FX:3523,SEX_F,2018,254,,S3:24_S7:57
MYS,LAI_INSP_SEX_NB,FX:3523,SEX_T,2019,446,,S3:24_S7:57
MYS,LAI_INSP_SEX_NB,FX:3523,SEX_M,2019,209,,S3:24_S7:57
MYS,LAI_INSP_SEX_NB,FX:3523,SEX_F,2019,237,,S3:24_S7:57
NER,LAI_INSP_SEX_NB,DA:733,SEX_T,2009,68,,S9:68
NER,LAI_INSP_SEX_NB,DA:733,SEX_T,2010,66,,S9:68
NIC,LAI_INSP_SEX_NB,FX:167,SEX_T,2009,97,,S3:24
NIC,LAI_INSP_SEX_NB,FX:167,SEX_T,2010,101,,S3:24
NIC,LAI_INSP_SEX_NB,FX:167,SEX_T,2013,95,,S3:24
NIC,LAI_INSP_SEX_NB,FX:167,SEX_M,2013,36,,S3:24
NIC,LAI_INSP_SEX_NB,FX:167,SEX_F,2013,59,,S3:24
NOR,LAI_INSP_SEX_NB,FF:286,SEX_T,2009,297,,
NOR,LAI_INSP_SEX_NB,FF:286,SEX_T,2010,308,,
NOR,LAI_INSP_SEX_NB,FF:286,SEX_T,2011,360,,S3:24_S4:34
NOR,LAI_INSP_SEX_NB,FF:286,SEX_T,2012,345,,S3:24_S4:34
NOR,LAI_INSP_SEX_NB,FF:286,SEX_T,2013,342,,S3:24_S4:34_S7:57
NOR,LAI_INSP_SEX_NB,FF:286,SEX_T,2018,320,,S3:24_S4:34_S7:57
NOR,LAI_INSP_SEX_NB,FF:286,SEX_M,2018,152,,S3:24_S4:34_S7:57
NOR,LAI_INSP_SEX_NB,FF:286,SEX_F,2018,168,,S3:24_S4:34_S7:57
NOR,LAI_INSP_SEX_NB,FF:286,SEX_T,2019,333,,S3:24_S4:34_S7:57
NOR,LAI_INSP_SEX_NB,FF:286,SEX_M,2019,160,,S3:24_S4:34_S7:57
NOR,LAI_INSP_SEX_NB,FF:286,SEX_F,2019,173,,S3:24_S4:34_S7:57
NZL,LAI_INSP_SEX_NB,FF:114,SEX_T,2009,34,,S3:18_S4:30
NZL,LAI_INSP_SEX_NB,FF:114,SEX_T,2010,33,,S3:18_S4:30
NZL,LAI_INSP_SEX_NB,FF:114,SEX_T,2017,60,,S3:18
NZL,LAI_INSP_SEX_NB,FF:114,SEX_T,2018,74,,
NZL,LAI_INSP_SEX_NB,FF:114,SEX_M,2018,24,,
NZL,LAI_INSP_SEX_NB,FF:114,SEX_F,2018,50,,
NZL,LAI_INSP_SEX_NB,FF:114,SEX_T,2019,70,,S3:26
NZL,LAI_INSP_SEX_NB,FF:114,SEX_M,2019,24,,S3:26
NZL,LAI_INSP_SEX_NB,FF:114,SEX_F,2019,46,,S3:26
PAN,LAI_INSP_SEX_NB,FF:2506,SEX_T,2009,135,,
PAN,LAI_INSP_SEX_NB,FF:2506,SEX_T,2010,117,,
PAN,LAI_INSP_SEX_NB,FF:2506,SEX_T,2011,128,,S7:57
PAN,LAI_INSP_SEX_NB,FF:2506,SEX_M,2011,104,,S7:57
PAN,LAI_INSP_SEX_NB,FF:2506,SEX_F,2011,24,,S7:57
PAN,LAI_INSP_SEX_NB,FF:2506,SEX_T,2012,114,,S7:57
PAN,LAI_INSP_SEX_NB,FF:2506,SEX_M,2012,90,,S7:57
PAN,LAI_INSP_SEX_NB,FF:2506,SEX_F,2012,24,,S7:57
PAN,LAI_INSP_SEX_NB,FF:2506,SEX_T,2013,217,,S3:24_S7:57
PAN,LAI_INSP_SEX_NB,FF:2506,SEX_M,2013,161,,S3:24_S7:57
PAN,LAI_INSP_SEX_NB,FF:2506,SEX_F,2013,56,,S3:24_S7:57
PAN,LAI_INSP_SEX_NB,FF:2506,SEX_T,2014,188,,S3:24_S7:57
PAN,LAI_INSP_SEX_NB,FF:2506,SEX_M,2014,132,,S3:24_S7:57
PAN,LAI_INSP_SEX_NB,FF:2506,SEX_F,2014,56,,S3:24_S7:57
PAN,LAI_INSP_SEX_NB,FF:2506,SEX_T,2017,120,,S3:24_S7:57
PAN,LAI_INSP_SEX_NB,FF:2506,SEX_M,2017,83,,S3:24_S7:57
PAN,LAI_INSP_SEX_NB,FF:2506,SEX_F,2017,37,,S3:24_S7:57
PAN,LAI_INSP_SEX_NB,FF:2506,SEX_T,2018,110,,S3:24_S7:57
PAN,LAI_INSP_SEX_NB,FF:2506,SEX_M,2018,82,,S3:24_S7:57
PAN,LAI_INSP_SEX_NB,FF:2506,SEX_F,2018,28,,S3:24_S7:57
PAN,LAI_INSP_SEX_NB,FF:2506,SEX_T,2019,220,,S3:24_S7:57
PAN,LAI_INSP_SEX_NB,FF:2506,SEX_M,2019,140,,S3:24_S7:57
PAN,LAI_INSP_SEX_NB,FF:2506,SEX_F,2019,80,,S3:24_S7:57
PER,LAI_INSP_SEX_NB,FF:380,SEX_T,2009,406,,
PER,LAI_INSP_SEX_NB,FF:380,SEX_T,2010,410,,
PER,LAI_INSP_SEX_NB,FF:380,SEX_T,2011,429,,
PER,LAI_INSP_SEX_NB,FF:380,SEX_M,2011,275,,
PER,LAI_INSP_SEX_NB,FF:380,SEX_F,2011,154,,
PER,LAI_INSP_SEX_NB,FF:380,SEX_T,2012,411,,
PER,LAI_INSP_SEX_NB,FF:380,SEX_M,2012,258,,
PER,LAI_INSP_SEX_NB,FF:380,SEX_F,2012,153,,
PER,LAI_INSP_SEX_NB,FX:1536,SEX_T,2013,386,,
PER,LAI_INSP_SEX_NB,FX:1536,SEX_M,2013,247,,
PER,LAI_INSP_SEX_NB,FX:1536,SEX_F,2013,139,,
PER,LAI_INSP_SEX_NB,FX:1536,SEX_T,2014,482,,
PER,LAI_INSP_SEX_NB,FX:1536,SEX_T,2015,463,,
PER,LAI_INSP_SEX_NB,FX:1536,SEX_T,2018,679,,
PHL,LAI_INSP_SEX_NB,FF:530,SEX_T,2009,196,,S7:57_S6:53
PHL,LAI_INSP_SEX_NB,FF:530,SEX_T,2010,219,,S3:24_S7:57
PHL,LAI_INSP_SEX_NB,FF:530,SEX_T,2011,254,,S3:24_S7:57
PHL,LAI_INSP_SEX_NB,FF:530,SEX_T,2012,271,,S3:24_S7:57
PHL,LAI_INSP_SEX_NB,FF:530,SEX_T,2013,228,,S3:24_S7:57
PHL,LAI_INSP_SEX_NB,FF:530,SEX_T,2014,539,,S3:24_S7:57
PHL,LAI_INSP_SEX_NB,FF:530,SEX_T,2015,536,,S3:24_S7:57
PHL,LAI_INSP_SEX_NB,FF:530,SEX_M,2015,310,,S3:24_S7:57
PHL,LAI_INSP_SEX_NB,FF:530,SEX_F,2015,226,,S3:24_S7:57
PHL,LAI_INSP_SEX_NB,FF:530,SEX_T,2017,559,,S3:24_S7:57
PHL,LAI_INSP_SEX_NB,FF:530,SEX_M,2017,339,,S3:24_S7:57
PHL,LAI_INSP_SEX_NB,FF:530,SEX_F,2017,220,,S3:24_S7:57
PHL,LAI_INSP_SEX_NB,FF:530,SEX_T,2018,632,,S3:24_S7:57
PHL,LAI_INSP_SEX_NB,FF:530,SEX_M,2018,386,,S3:24_S7:57
PHL,LAI_INSP_SEX_NB,FF:530,SEX_F,2018,246,,S3:24_S7:57
PHL,LAI_INSP_SEX_NB,FF:530,SEX_T,2019,654,,S3:24_S7:57
PHL,LAI_INSP_SEX_NB,FF:530,SEX_M,2019,392,,S3:24_S7:57
PHL,LAI_INSP_SEX_NB,FF:530,SEX_F,2019,262,,S3:24_S7:57
POL,LAI_INSP_SEX_NB,FF:434,SEX_T,2009,1489,,
POL,LAI_INSP_SEX_NB,FF:434,SEX_T,2010,1510,,
POL,LAI_INSP_SEX_NB,FF:434,SEX_T,2011,2753,,S3:19
POL,LAI_INSP_SEX_NB,FF:434,SEX_M,2011,1487,,S3:19
POL,LAI_INSP_SEX_NB,FF:434,SEX_F,2011,1266,,S3:19
POL,LAI_INSP_SEX_NB,FF:434,SEX_T,2012,2758,,S3:19
POL,LAI_INSP_SEX_NB,FF:434,SEX_M,2012,1478,,S3:19
POL,LAI_INSP_SEX_NB,FF:434,SEX_F,2012,1280,,S3:19
POL,LAI_INSP_SEX_NB,FF:434,SEX_T,2014,1663,,S3:19
POL,LAI_INSP_SEX_NB,FF:434,SEX_M,2014,1111,,S3:19
POL,LAI_INSP_SEX_NB,FF:434,SEX_F,2014,552,,S3:19
POL,LAI_INSP_SEX_NB,FF:434,SEX_T,2015,1600,,S3:19
POL,LAI_INSP_SEX_NB,FF:434,SEX_M,2015,1063,,S3:19
POL,LAI_INSP_SEX_NB,FF:434,SEX_F,2015,537,,S3:19
POL,LAI_INSP_SEX_NB,FF:434,SEX_T,2017,1650,,S3:19
POL,LAI_INSP_SEX_NB,FF:434,SEX_M,2017,1073,,S3:19
POL,LAI_INSP_SEX_NB,FF:434,SEX_F,2017,577,,S3:19
POL,LAI_INSP_SEX_NB,FF:434,SEX_T,2018,1492,,S3:19
POL,LAI_INSP_SEX_NB,FF:434,SEX_M,2018,952,,S3:19
POL,LAI_INSP_SEX_NB,FF:434,SEX_F,2018,540,,S3:19
POL,LAI_INSP_SEX_NB,FF:434,SEX_T,2019,1575,,S3:19
POL,LAI_INSP_SEX_NB,FF:434,SEX_M,2019,984,,S3:19
POL,LAI_INSP_SEX_NB,FF:434,SEX_F,2019,591,,S3:19
PRT,LAI_INSP_SEX_NB,FF:202,SEX_T,2009,253,,
PRT,LAI_INSP_SEX_NB,FF:202,SEX_T,2010,384,,
PRT,LAI_INSP_SEX_NB,FF:202,SEX_T,2011,404,,S3:24
PRT,LAI_INSP_SEX_NB,FF:202,SEX_M,2011,130,,S3:24
PRT,LAI_INSP_SEX_NB,FF:202,SEX_F,2011,274,,S3:24
PRT,LAI_INSP_SEX_NB,FF:202,SEX_T,2012,391,,S3:24
PRT,LAI_INSP_SEX_NB,FF:202,SEX_M,2012,126,,S3:24
PRT,LAI_INSP_SEX_NB,FF:202,SEX_F,2012,265,,S3:24
PRT,LAI_INSP_SEX_NB,FF:202,SEX_T,2013,374,,
PRT,LAI_INSP_SEX_NB,FF:202,SEX_M,2013,120,,
PRT,LAI_INSP_SEX_NB,FF:202,SEX_F,2013,254,,
PRT,LAI_INSP_SEX_NB,FF:202,SEX_T,2015,307,,S3:24
PRT,LAI_INSP_SEX_NB,FF:202,SEX_M,2015,86,,S3:24
PRT,LAI_INSP_SEX_NB,FF:202,SEX_F,2015,221,,S3:24
PRT,LAI_INSP_SEX_NB,FF:202,SEX_T,2017,306,,S3:24
PRT,LAI_INSP_SEX_NB,FF:202,SEX_M,2017,90,,S3:24
PRT,LAI_INSP_SEX_NB,FF:202,SEX_F,2017,216,,S3:24
PRT,LAI_INSP_SEX_NB,FF:202,SEX_T,2018,303,,S3:24
PRT,LAI_INSP_SEX_NB,FF:202,SEX_M,2018,95,,S3:24
PRT,LAI_INSP_SEX_NB,FF:202,SEX_F,2018,208,,S3:24
PRY,LAI_INSP_SEX_NB,FX:541,SEX_T,2009,47,,
PRY,LAI_INSP_SEX_NB,FX:541,SEX_T,2010,40,,
PRY,LAI_INSP_SEX_NB,FX:541,SEX_T,2011,28,,S3:24_S5:40
PRY,LAI_INSP_SEX_NB,FX:541,SEX_M,2011,20,,S3:24_S5:40
PRY,LAI_INSP_SEX_NB,FX:541,SEX_F,2011,8,,S3:24_S5:40
PRY,LAI_INSP_SEX_NB,FX:541,SEX_T,2012,22,,S3:24_S5:40
PRY,LAI_INSP_SEX_NB,FX:541,SEX_M,2012,14,,S3:24_S5:40
PRY,LAI_INSP_SEX_NB,FX:541,SEX_F,2012,8,,S3:24_S5:40
PRY,LAI_INSP_SEX_NB,FX:541,SEX_T,2015,31,,S3:24
PRY,LAI_INSP_SEX_NB,FX:541,SEX_M,2015,15,,S3:24
PRY,LAI_INSP_SEX_NB,FX:541,SEX_F,2015,16,,S3:24
PSE,LAI_INSP_SEX_NB,FX:786,SEX_T,2013,40,,S3:24_S4:32
PSE,LAI_INSP_SEX_NB,FX:786,SEX_T,2015,50,,S3:24_S4:32
PSE,LAI_INSP_SEX_NB,FX:786,SEX_M,2015,34,,S3:24_S4:32
PSE,LAI_INSP_SEX_NB,FX:786,SEX_F,2015,16,,S3:24_S4:32
PSE,LAI_INSP_SEX_NB,FX:786,SEX_T,2017,77,,S3:24_S4:32
PSE,LAI_INSP_SEX_NB,FX:786,SEX_M,2017,40,,S3:24_S4:32
PSE,LAI_INSP_SEX_NB,FX:786,SEX_F,2017,37,,S3:24_S4:32
QAT,LAI_INSP_SEX_NB,FF:698,SEX_T,2009,93,,
QAT,LAI_INSP_SEX_NB,FF:698,SEX_T,2010,127,,
QAT,LAI_INSP_SEX_NB,FF:698,SEX_T,2011,145,,S7:57
QAT,LAI_INSP_SEX_NB,FF:698,SEX_T,2012,146,,S7:57
QAT,LAI_INSP_SEX_NB,FF:698,SEX_T,2013,198,,S7:57
QAT,LAI_INSP_SEX_NB,FF:698,SEX_M,2013,182,,S7:57
QAT,LAI_INSP_SEX_NB,FF:698,SEX_F,2013,16,,S7:57
QAT,LAI_INSP_SEX_NB,FF:698,SEX_T,2014,296,,S7:57
QAT,LAI_INSP_SEX_NB,FF:698,SEX_M,2014,256,,S7:57
QAT,LAI_INSP_SEX_NB,FF:698,SEX_F,2014,40,,S7:57
QAT,LAI_INSP_SEX_NB,FF:698,SEX_T,2015,397,,S7:57
QAT,LAI_INSP_SEX_NB,FF:698,SEX_M,2015,336,,S7:57
QAT,LAI_INSP_SEX_NB,FF:698,SEX_F,2015,61,,S7:57
QAT,LAI_INSP_SEX_NB,FF:698,SEX_T,2016,325,,S7:57
QAT,LAI_INSP_SEX_NB,FF:698,SEX_M,2016,270,,S7:57
QAT,LAI_INSP_SEX_NB,FF:698,SEX_F,2016,55,,S7:57
QAT,LAI_INSP_SEX_NB,FF:698,SEX_T,2017,280,,S7:57
QAT,LAI_INSP_SEX_NB,FF:698,SEX_M,2017,219,,S7:57
QAT,LAI_INSP_SEX_NB,FF:698,SEX_F,2017,61,,S7:57
QAT,LAI_INSP_SEX_NB,FF:698,SEX_T,2018,270,,S7:57
QAT,LAI_INSP_SEX_NB,FF:698,SEX_M,2018,212,,S7:57
QAT,LAI_INSP_SEX_NB,FF:698,SEX_F,2018,58,,S7:57
QAT,LAI_INSP_SEX_NB,FF:698,SEX_T,2019,270,,S7:57
QAT,LAI_INSP_SEX_NB,FF:698,SEX_M,2019,203,,S7:57
QAT,LAI_INSP_SEX_NB,FF:698,SEX_F,2019,67,,S7:57
ROU,LAI_INSP_SEX_NB,FF:441,SEX_T,2009,1959,,S3:24_S5:41
ROU,LAI_INSP_SEX_NB,FF:441,SEX_T,2010,1948,,S3:24_S5:41
ROU,LAI_INSP_SEX_NB,FF:441,SEX_T,2011,1922,,S3:24
ROU,LAI_INSP_SEX_NB,FF:441,SEX_M,2011,786,,S3:24
ROU,LAI_INSP_SEX_NB,FF:441,SEX_F,2011,1136,,S3:24
ROU,LAI_INSP_SEX_NB,FF:441,SEX_T,2012,1785,,S3:24
ROU,LAI_INSP_SEX_NB,FF:441,SEX_M,2012,766,,S3:24
ROU,LAI_INSP_SEX_NB,FF:441,SEX_F,2012,1019,,S3:24
ROU,LAI_INSP_SEX_NB,FF:441,SEX_T,2013,1473,,S3:24
ROU,LAI_INSP_SEX_NB,FF:441,SEX_M,2013,574,,S3:24
ROU,LAI_INSP_SEX_NB,FF:441,SEX_F,2013,899,,S3:24
ROU,LAI_INSP_SEX_NB,FF:441,SEX_T,2014,1445,,S3:24
ROU,LAI_INSP_SEX_NB,FF:441,SEX_M,2014,562,,S3:24
ROU,LAI_INSP_SEX_NB,FF:441,SEX_F,2014,883,,S3:24
ROU,LAI_INSP_SEX_NB,FF:441,SEX_T,2015,1167,,S3:24
ROU,LAI_INSP_SEX_NB,FF:441,SEX_M,2015,511,,S3:24
ROU,LAI_INSP_SEX_NB,FF:441,SEX_F,2015,656,,S3:24
ROU,LAI_INSP_SEX_NB,FF:441,SEX_T,2016,1112,,S3:24
ROU,LAI_INSP_SEX_NB,FF:441,SEX_M,2016,468,,S3:24
ROU,LAI_INSP_SEX_NB,FF:441,SEX_F,2016,644,,S3:24
ROU,LAI_INSP_SEX_NB,FF:441,SEX_T,2017,1107,,S3:24
ROU,LAI_INSP_SEX_NB,FF:441,SEX_M,2017,479,,S3:24
ROU,LAI_INSP_SEX_NB,FF:441,SEX_F,2017,628,,S3:24
ROU,LAI_INSP_SEX_NB,FF:441,SEX_T,2018,1074,,S3:24
ROU,LAI_INSP_SEX_NB,FF:441,SEX_M,2018,469,,S3:24
ROU,LAI_INSP_SEX_NB,FF:441,SEX_F,2018,605,,S3:24
ROU,LAI_INSP_SEX_NB,FF:441,SEX_T,2019,1076,,S3:24
ROU,LAI_INSP_SEX_NB,FF:441,SEX_M,2019,468,,S3:24
ROU,LAI_INSP_SEX_NB,FF:441,SEX_F,2019,608,,S3:24
SAU,LAI_INSP_SEX_NB,DA:3115,SEX_T,2016,800,,S7:57_S6:359
SAU,LAI_INSP_SEX_NB,DA:3115,SEX_M,2016,677,,S7:57_S6:359
SAU,LAI_INSP_SEX_NB,DA:3115,SEX_F,2016,123,,S7:57_S6:359
SAU,LAI_INSP_SEX_NB,DA:3115,SEX_T,2017,731,,S7:57_S6:359
SAU,LAI_INSP_SEX_NB,DA:3115,SEX_M,2017,548,,S7:57_S6:359
SAU,LAI_INSP_SEX_NB,DA:3115,SEX_F,2017,183,,S7:57_S6:359
SAU,LAI_INSP_SEX_NB,DA:3115,SEX_T,2018,880,,S7:57_S6:359
SAU,LAI_INSP_SEX_NB,DA:3115,SEX_M,2018,749,,S7:57_S6:359
SAU,LAI_INSP_SEX_NB,DA:3115,SEX_F,2018,131,,S7:57_S6:359
SGP,LAI_INSP_SEX_NB,FX:210,SEX_T,2009,22,,S3:24
SGP,LAI_INSP_SEX_NB,FX:210,SEX_T,2010,117,,S3:24
SGP,LAI_INSP_SEX_NB,FX:210,SEX_T,2011,123,,S3:24
SGP,LAI_INSP_SEX_NB,FX:210,SEX_M,2011,87,,S3:24
SGP,LAI_INSP_SEX_NB,FX:210,SEX_F,2011,36,,S3:24
SGP,LAI_INSP_SEX_NB,FX:210,SEX_T,2012,138,,S3:24
SGP,LAI_INSP_SEX_NB,FX:210,SEX_M,2012,98,,S3:24
SGP,LAI_INSP_SEX_NB,FX:210,SEX_F,2012,40,,S3:24
SGP,LAI_INSP_SEX_NB,FX:210,SEX_T,2013,186,,S3:24
SGP,LAI_INSP_SEX_NB,FX:210,SEX_M,2013,135,,S3:24
SGP,LAI_INSP_SEX_NB,FX:210,SEX_F,2013,51,,S3:24
SGP,LAI_INSP_SEX_NB,FX:210,SEX_T,2014,195,,S3:24
SGP,LAI_INSP_SEX_NB,FX:210,SEX_M,2014,140,,S3:24
SGP,LAI_INSP_SEX_NB,FX:210,SEX_F,2014,55,,S3:24
SGP,LAI_INSP_SEX_NB,FX:210,SEX_T,2015,196,,S3:24
SGP,LAI_INSP_SEX_NB,FX:210,SEX_M,2015,139,,S3:24
SGP,LAI_INSP_SEX_NB,FX:210,SEX_F,2015,57,,S3:24
SGP,LAI_INSP_SEX_NB,FX:210,SEX_T,2016,190,,S3:24
SGP,LAI_INSP_SEX_NB,FX:210,SEX_M,2016,138,,S3:24
SGP,LAI_INSP_SEX_NB,FX:210,SEX_F,2016,52,,S3:24
SGP,LAI_INSP_SEX_NB,FX:210,SEX_T,2017,192,,S3:24
SGP,LAI_INSP_SEX_NB,FX:210,SEX_M,2017,136,,S3:24
SGP,LAI_INSP_SEX_NB,FX:210,SEX_F,2017,56,,S3:24
SGP,LAI_INSP_SEX_NB,FX:210,SEX_T,2018,199,,S3:24
SGP,LAI_INSP_SEX_NB,FX:210,SEX_M,2018,138,,S3:24
SGP,LAI_INSP_SEX_NB,FX:210,SEX_F,2018,61,,S3:24
SGP,LAI_INSP_SEX_NB,FX:210,SEX_T,2019,212,,S3:24
SGP,LAI_INSP_SEX_NB,FX:210,SEX_M,2019,149,,S3:24
SGP,LAI_INSP_SEX_NB,FX:210,SEX_F,2019,63,,S3:24
SLV,LAI_INSP_SEX_NB,CA:160,SEX_T,2009,159,,S3:24
SLV,LAI_INSP_SEX_NB,CA:160,SEX_T,2010,210,,S3:24
SLV,LAI_INSP_SEX_NB,CA:160,SEX_T,2011,157,,S3:24
SLV,LAI_INSP_SEX_NB,CA:160,SEX_T,2014,118,,S3:17
SLV,LAI_INSP_SEX_NB,CA:160,SEX_M,2014,51,,S3:17
SLV,LAI_INSP_SEX_NB,CA:160,SEX_F,2014,67,,S3:17
SLV,LAI_INSP_SEX_NB,CA:160,SEX_T,2015,115,,S3:17
SLV,LAI_INSP_SEX_NB,CA:160,SEX_M,2015,50,,S3:17
SLV,LAI_INSP_SEX_NB,CA:160,SEX_F,2015,65,,S3:17
SLV,LAI_INSP_SEX_NB,CA:160,SEX_T,2016,118,,S3:17
SLV,LAI_INSP_SEX_NB,CA:160,SEX_M,2016,45,,S3:17
SLV,LAI_INSP_SEX_NB,CA:160,SEX_F,2016,73,,S3:17
SLV,LAI_INSP_SEX_NB,CA:160,SEX_T,2017,120,,S3:17
SLV,LAI_INSP_SEX_NB,CA:160,SEX_M,2017,48,,S3:17
SLV,LAI_INSP_SEX_NB,CA:160,SEX_F,2017,72,,S3:17
SLV,LAI_INSP_SEX_NB,CA:160,SEX_T,2018,125,,S3:17
SLV,LAI_INSP_SEX_NB,CA:160,SEX_M,2018,50,,S3:17
SLV,LAI_INSP_SEX_NB,CA:160,SEX_F,2018,75,,S3:17
SVK,LAI_INSP_SEX_NB,FF:400,SEX_T,2009,345,,S3:24
SVK,LAI_INSP_SEX_NB,FF:400,SEX_T,2010,319,,S3:24
SVK,LAI_INSP_SEX_NB,FF:400,SEX_T,2011,299,,S3:24
SVK,LAI_INSP_SEX_NB,FF:400,SEX_M,2011,211,,S3:24
SVK,LAI_INSP_SEX_NB,FF:400,SEX_F,2011,88,,S3:24
SVK,LAI_INSP_SEX_NB,FF:400,SEX_T,2012,298,,S3:24
SVK,LAI_INSP_SEX_NB,FF:400,SEX_M,2012,206,,S3:24
SVK,LAI_INSP_SEX_NB,FF:400,SEX_F,2012,92,,S3:24
SVK,LAI_INSP_SEX_NB,FF:400,SEX_T,2013,330,,S3:24
SVK,LAI_INSP_SEX_NB,FF:400,SEX_M,2013,219,,S3:24
SVK,LAI_INSP_SEX_NB,FF:400,SEX_F,2013,111,,S3:24
SVK,LAI_INSP_SEX_NB,FF:400,SEX_T,2015,318,,S3:24
SVK,LAI_INSP_SEX_NB,FF:400,SEX_M,2015,203,,S3:24
SVK,LAI_INSP_SEX_NB,FF:400,SEX_F,2015,115,,S3:24
SVK,LAI_INSP_SEX_NB,FF:400,SEX_T,2017,332,,S3:24
SVK,LAI_INSP_SEX_NB,FF:400,SEX_M,2017,201,,S3:24
SVK,LAI_INSP_SEX_NB,FF:400,SEX_F,2017,131,,S3:24
SVK,LAI_INSP_SEX_NB,FF:400,SEX_T,2018,320,,S3:24
SVK,LAI_INSP_SEX_NB,FF:400,SEX_M,2018,184,,S3:24
SVK,LAI_INSP_SEX_NB,FF:400,SEX_F,2018,136,,S3:24
SVN,LAI_INSP_SEX_NB,FF:452,SEX_T,2009,83,,S3:24
SVN,LAI_INSP_SEX_NB,FF:452,SEX_T,2010,80,,S3:24
SVN,LAI_INSP_SEX_NB,FF:452,SEX_T,2011,84,,S3:24
SVN,LAI_INSP_SEX_NB,FF:452,SEX_M,2011,45,,S3:24
SVN,LAI_INSP_SEX_NB,FF:452,SEX_F,2011,39,,S3:24
SVN,LAI_INSP_SEX_NB,FF:452,SEX_T,2012,77,,S3:24
SVN,LAI_INSP_SEX_NB,FF:452,SEX_M,2012,39,,S3:24
SVN,LAI_INSP_SEX_NB,FF:452,SEX_F,2012,38,,S3:24
SVN,LAI_INSP_SEX_NB,FF:452,SEX_T,2013,76,,S3:24
SVN,LAI_INSP_SEX_NB,FF:452,SEX_M,2013,36,,S3:24
SVN,LAI_INSP_SEX_NB,FF:452,SEX_F,2013,40,,S3:24
SVN,LAI_INSP_SEX_NB,FF:452,SEX_T,2014,77,,S3:24
SVN,LAI_INSP_SEX_NB,FF:452,SEX_M,2014,38,,S3:24
SVN,LAI_INSP_SEX_NB,FF:452,SEX_F,2014,39,,S3:24
SVN,LAI_INSP_SEX_NB,FF:452,SEX_T,2015,73,,S3:24
SVN,LAI_INSP_SEX_NB,FF:452,SEX_M,2015,36,,S3:24
SVN,LAI_INSP_SEX_NB,FF:452,SEX_F,2015,37,,S3:24
SVN,LAI_INSP_SEX_NB,FF:452,SEX_T,2016,73,,S3:24
SVN,LAI_INSP_SEX_NB,FF:452,SEX_M,2016,35,,S3:24
SVN,LAI_INSP_SEX_NB,FF:452,SEX_F,2016,38,,S3:24
SVN,LAI_INSP_SEX_NB,FF:452,SEX_T,2017,72,,S3:24
SVN,LAI_INSP_SEX_NB,FF:452,SEX_M,2017,34,,S3:24
SVN,LAI_INSP_SEX_NB,FF:452,SEX_F,2017,38,,S3:24
SVN,LAI_INSP_SEX_NB,FF:452,SEX_T,2018,76,,S9:259
SVN,LAI_INSP_SEX_NB,FF:452,SEX_M,2018,31,,S9:259
SVN,LAI_INSP_SEX_NB,FF:452,SEX_F,2018,45,,S9:259
SVN,LAI_INSP_SEX_NB,FF:452,SEX_T,2019,85,,S9:259
SVN,LAI_INSP_SEX_NB,FF:452,SEX_M,2019,36,,S9:259
SVN,LAI_INSP_SEX_NB,FF:452,SEX_F,2019,49,,S9:259
SWE,LAI_INSP_SEX_NB,FX:2533,SEX_T,2013,256,,
SWE,LAI_INSP_SEX_NB,FX:2533,SEX_M,2013,131,,
SWE,LAI_INSP_SEX_NB,FX:2533,SEX_F,2013,125,,
SWE,LAI_INSP_SEX_NB,FX:2533,SEX_T,2014,239,,
SWE,LAI_INSP_SEX_NB,FX:2533,SEX_M,2014,121,,
SWE,LAI_INSP_SEX_NB,FX:2533,SEX_F,2014,118,,
SWE,LAI_INSP_SEX_NB,FX:2533,SEX_T,2017,299,,
SWE,LAI_INSP_SEX_NB,FX:2533,SEX_T,2018,296,,
SYC,LAI_INSP_SEX_NB,FB:2547,SEX_T,2011,6,,S3:24
SYC,LAI_INSP_SEX_NB,FB:2547,SEX_M,2011,2,,S3:24
SYC,LAI_INSP_SEX_NB,FB:2547,SEX_F,2011,4,,S3:24
SYC,LAI_INSP_SEX_NB,FB:2547,SEX_T,2012,6,,S3:24
SYC,LAI_INSP_SEX_NB,FB:2547,SEX_M,2012,2,,S3:24
SYC,LAI_INSP_SEX_NB,FB:2547,SEX_F,2012,4,,S3:24
SYC,LAI_INSP_SEX_NB,FB:2547,SEX_T,2018,14,,S3:24
SYC,LAI_INSP_SEX_NB,FB:2547,SEX_M,2018,4,,S3:24
SYC,LAI_INSP_SEX_NB,FB:2547,SEX_F,2018,10,,S3:24
TGO,LAI_INSP_SEX_NB,FX:688,SEX_T,2009,40,,S7:57
TGO,LAI_INSP_SEX_NB,FX:688,SEX_T,2010,50,,S7:57
THA,LAI_INSP_SEX_NB,FX:663,SEX_T,2015,747,,S3:24
THA,LAI_INSP_SEX_NB,FX:663,SEX_M,2015,259,,S3:24
THA,LAI_INSP_SEX_NB,FX:663,SEX_F,2015,488,,S3:24
THA,LAI_INSP_SEX_NB,FX:663,SEX_T,2016,707,,S3:24
THA,LAI_INSP_SEX_NB,FX:663,SEX_M,2016,242,,S3:24
THA,LAI_INSP_SEX_NB,FX:663,SEX_F,2016,465,,S3:24
THA,LAI_INSP_SEX_NB,FX:663,SEX_T,2017,699,,S3:24
THA,LAI_INSP_SEX_NB,FX:663,SEX_M,2017,232,,S3:24
THA,LAI_INSP_SEX_NB,FX:663,SEX_F,2017,467,,S3:24
THA,LAI_INSP_SEX_NB,FX:663,SEX_T,2018,1116,,S3:24
THA,LAI_INSP_SEX_NB,FX:663,SEX_M,2018,364,,S3:24
THA,LAI_INSP_SEX_NB,FX:663,SEX_F,2018,752,,S3:24
THA,LAI_INSP_SEX_NB,FX:663,SEX_T,2019,783,,S3:24
THA,LAI_INSP_SEX_NB,FX:663,SEX_M,2019,254,,S3:24
THA,LAI_INSP_SEX_NB,FX:663,SEX_F,2019,529,,S3:24
TTO,LAI_INSP_SEX_NB,EA:553,SEX_T,2009,13,,
TTO,LAI_INSP_SEX_NB,EA:553,SEX_T,2010,25,,
TTO,LAI_INSP_SEX_NB,FF:554,SEX_T,2013,14,,S3:24
TTO,LAI_INSP_SEX_NB,FF:554,SEX_M,2013,5,,S3:24
TTO,LAI_INSP_SEX_NB,FF:554,SEX_F,2013,9,,S3:24
TTO,LAI_INSP_SEX_NB,FF:554,SEX_T,2014,12,,S3:24
TTO,LAI_INSP_SEX_NB,FF:554,SEX_M,2014,4,,S3:24
TTO,LAI_INSP_SEX_NB,FF:554,SEX_F,2014,8,,S3:24
TUR,LAI_INSP_SEX_NB,FF:508,SEX_T,2009,653,,S5:38
TUR,LAI_INSP_SEX_NB,FF:508,SEX_T,2010,649,,S5:38
TUR,LAI_INSP_SEX_NB,FF:508,SEX_T,2011,899,,
TUR,LAI_INSP_SEX_NB,FF:508,SEX_M,2011,718,,
TUR,LAI_INSP_SEX_NB,FF:508,SEX_F,2011,181,,
TUR,LAI_INSP_SEX_NB,FF:508,SEX_T,2012,960,,
TUR,LAI_INSP_SEX_NB,FF:508,SEX_M,2012,755,,
TUR,LAI_INSP_SEX_NB,FF:508,SEX_F,2012,205,,
TUR,LAI_INSP_SEX_NB,FF:508,SEX_T,2013,714,,
TUR,LAI_INSP_SEX_NB,FF:508,SEX_M,2013,563,,
TUR,LAI_INSP_SEX_NB,FF:508,SEX_F,2013,151,,
TUR,LAI_INSP_SEX_NB,FF:508,SEX_T,2015,853,,
TUR,LAI_INSP_SEX_NB,FF:508,SEX_M,2015,659,,
TUR,LAI_INSP_SEX_NB,FF:508,SEX_F,2015,194,,
TUR,LAI_INSP_SEX_NB,FF:508,SEX_T,2017,1019,,
TUR,LAI_INSP_SEX_NB,FF:508,SEX_M,2017,782,,
TUR,LAI_INSP_SEX_NB,FF:508,SEX_F,2017,237,,
TUR,LAI_INSP_SEX_NB,FF:508,SEX_T,2019,969,,
TUR,LAI_INSP_SEX_NB,FF:508,SEX_M,2019,741,,
TUR,LAI_INSP_SEX_NB,FF:508,SEX_F,2019,228,,
UKR,LAI_INSP_SEX_NB,EB:7339,SEX_T,2013,573,,
UKR,LAI_INSP_SEX_NB,EB:7339,SEX_M,2013,224,,
UKR,LAI_INSP_SEX_NB,EB:7339,SEX_F,2013,349,,
UKR,LAI_INSP_SEX_NB,EB:7339,SEX_T,2014,582,,
UKR,LAI_INSP_SEX_NB,EB:7339,SEX_M,2014,226,,
UKR,LAI_INSP_SEX_NB,EB:7339,SEX_F,2014,356,,
UKR,LAI_INSP_SEX_NB,EB:7339,SEX_T,2015,441,,
UKR,LAI_INSP_SEX_NB,EB:7339,SEX_M,2015,272,,
UKR,LAI_INSP_SEX_NB,EB:7339,SEX_F,2015,169,,
UKR,LAI_INSP_SEX_NB,EB:7339,SEX_T,2017,504,,
UKR,LAI_INSP_SEX_NB,EB:7339,SEX_M,2017,196,,
UKR,LAI_INSP_SEX_NB,EB:7339,SEX_F,2017,308,,
UKR,LAI_INSP_SEX_NB,EB:7339,SEX_T,2018,528,,
UKR,LAI_INSP_SEX_NB,EB:7339,SEX_M,2018,197,,
UKR,LAI_INSP_SEX_NB,EB:7339,SEX_F,2018,331,,
UKR,LAI_INSP_SEX_NB,FX:3257,SEX_T,2019,52600,,S3:23_S4:34
UKR,LAI_INSP_SEX_NB,FX:3257,SEX_M,2019,19700,,S3:23_S4:34
UKR,LAI_INSP_SEX_NB,FX:3257,SEX_F,2019,32900,,S3:23_S4:34
URY,LAI_INSP_SEX_NB,FX:106,SEX_T,2009,125,,
URY,LAI_INSP_SEX_NB,FX:106,SEX_T,2010,125,,
URY,LAI_INSP_SEX_NB,FX:106,SEX_T,2013,125,,
URY,LAI_INSP_SEX_NB,FX:106,SEX_M,2013,48,,
URY,LAI_INSP_SEX_NB,FX:106,SEX_F,2013,77,,
URY,LAI_INSP_SEX_NB,FX:106,SEX_T,2018,103,,
URY,LAI_INSP_SEX_NB,FX:106,SEX_M,2018,44,,
URY,LAI_INSP_SEX_NB,FX:106,SEX_F,2018,59,,
USA,LAI_INSP_SEX_NB,FF:2586,SEX_T,2011,1024,,S3:24
USA,LAI_INSP_SEX_NB,FF:2586,SEX_T,2012,1067,,S3:24
USA,LAI_INSP_SEX_NB,FX:3517,SEX_T,2013,1042,,
USA,LAI_INSP_SEX_NB,FX:3517,SEX_T,2014,1000,,
USA,LAI_INSP_SEX_NB,FX:3517,SEX_T,2015,995,,
UZB,LAI_INSP_SEX_NB,FF:15744,SEX_T,2018,303,,
UZB,LAI_INSP_SEX_NB,FF:15744,SEX_T,2019,303,,
UZB,LAI_INSP_SEX_NB,FF:15744,SEX_M,2019,293,,
UZB,LAI_INSP_SEX_NB,FF:15744,SEX_F,2019,10,,
VCT,LAI_INSP_SEX_NB,FA:9,SEX_T,2009,5,,
VCT,LAI_INSP_SEX_NB,FA:9,SEX_T,2010,6,,
VEN,LAI_INSP_SEX_NB,FF:386,SEX_T,2009,601,,
VEN,LAI_INSP_SEX_NB,FF:386,SEX_T,2010,552,,
VEN,LAI_INSP_SEX_NB,FF:386,SEX_T,2011,179,,
VEN,LAI_INSP_SEX_NB,FF:386,SEX_M,2011,46,,
VEN,LAI_INSP_SEX_NB,FF:386,SEX_F,2011,133,,
VEN,LAI_INSP_SEX_NB,FF:386,SEX_T,2012,168,,
VEN,LAI_INSP_SEX_NB,FF:386,SEX_M,2012,45,,
VEN,LAI_INSP_SEX_NB,FF:386,SEX_F,2012,123,,
ZAF,LAI_INSP_SEX_NB,FX:596,SEX_T,2009,755,,S3:26_S5:44
ZAF,LAI_INSP_SEX_NB,FX:596,SEX_T,2010,1319,,S3:26_S5:44
ZAF,LAI_INSP_SEX_NB,FX:596,SEX_T,2013,1252,,S3:26
ZAF,LAI_INSP_SEX_NB,FX:596,SEX_M,2013,735,,S3:26
ZAF,LAI_INSP_SEX_NB,FX:596,SEX_F,2013,517,,S3:26
ZAF,LAI_INSP_SEX_NB,FX:596,SEX_T,2014,1250,,S3:26
ZAF,LAI_INSP_SEX_NB,FX:596,SEX_M,2014,722,,S3:26
ZAF,LAI_INSP_SEX_NB,FX:596,SEX_F,2014,528,,S3:26
ZAF,LAI_INSP_SEX_NB,FX:596,SEX_T,2015,882,,S3:26
ZAF,LAI_INSP_SEX_NB,FX:596,SEX_M,2015,389,,S3:26
ZAF,LAI_INSP_SEX_NB,FX:596,SEX_F,2015,493,,S3:26
ZAF,LAI_INSP_SEX_NB,FX:596,SEX_T,2016,1310,,S3:26
ZAF,LAI_INSP_SEX_NB,FX:596,SEX_M,2016,760,,S3:26
ZAF,LAI_INSP_SEX_NB,FX:596,SEX_F,2016,550,,S3:26
ZAF,LAI_INSP_SEX_NB,FX:596,SEX_T,2017,1294,,S3:26
ZAF,LAI_INSP_SEX_NB,FX:596,SEX_M,2017,747,,S3:26
ZAF,LAI_INSP_SEX_NB,FX:596,SEX_F,2017,547,,S3:26
ZAF,LAI_INSP_SEX_NB,FX:596,SEX_T,2018,1280,,S3:26
ZAF,LAI_INSP_SEX_NB,FX:596,SEX_M,2018,733,,S3:26
ZAF,LAI_INSP_SEX_NB,FX:596,SEX_F,2018,547,,S3:26
ZWE,LAI_INSP_SEX_NB,FI:652,SEX_T,2009,70,,S7:57_S8:63
ZWE,LAI_INSP_SEX_NB,FI:652,SEX_T,2010,80,,S7:57_S8:63
ZWE,LAI_INSP_SEX_NB,FI:652,SEX_T,2011,74,,S7:57
ZWE,LAI_INSP_SEX_NB,FI:652,SEX_M,2011,36,,S7:57
ZWE,LAI_INSP_SEX_NB,FI:652,SEX_F,2011,38,,S7:57
ZWE,LAI_INSP_SEX_NB,FI:652,SEX_T,2012,84,,S7:57
ZWE,LAI_INSP_SEX_NB,FI:652,SEX_M,2012,44,,S7:57
ZWE,LAI_INSP_SEX_NB,FI:652,SEX_F,2012,40,,S7:57
ZWE,LAI_INSP_SEX_NB,FI:652,SEX_T,2015,120,,S7:57
ZWE,LAI_INSP_SEX_NB,FI:652,SEX_T,2017,205,,S7:57
ZWE,LAI_INSP_SEX_NB,FI:652,SEX_M,2017,86,,S7:57
ZWE,LAI_INSP_SEX_NB,FI:652,SEX_F,2017,119,,S7:57
